-- MySQL dump 10.13  Distrib 8.0.23, for Win64 (x86_64)
--
-- Host: localhost    Database: vk2
-- ------------------------------------------------------
-- Server version	8.0.23

/*!40101 SET @OLD_CHARACTER_SET_CLIENT=@@CHARACTER_SET_CLIENT */;
/*!40101 SET @OLD_CHARACTER_SET_RESULTS=@@CHARACTER_SET_RESULTS */;
/*!40101 SET @OLD_COLLATION_CONNECTION=@@COLLATION_CONNECTION */;
/*!50503 SET NAMES utf8mb4 */;
/*!40103 SET @OLD_TIME_ZONE=@@TIME_ZONE */;
/*!40103 SET TIME_ZONE='+00:00' */;
/*!40014 SET @OLD_UNIQUE_CHECKS=@@UNIQUE_CHECKS, UNIQUE_CHECKS=0 */;
/*!40014 SET @OLD_FOREIGN_KEY_CHECKS=@@FOREIGN_KEY_CHECKS, FOREIGN_KEY_CHECKS=0 */;
/*!40101 SET @OLD_SQL_MODE=@@SQL_MODE, SQL_MODE='NO_AUTO_VALUE_ON_ZERO' */;
/*!40111 SET @OLD_SQL_NOTES=@@SQL_NOTES, SQL_NOTES=0 */;

--
-- Table structure for table `communities`
--

DROP TABLE IF EXISTS `communities`;
/*!40101 SET @saved_cs_client     = @@character_set_client */;
/*!50503 SET character_set_client = utf8mb4 */;
CREATE TABLE `communities` (
  `id` bigint unsigned NOT NULL AUTO_INCREMENT,
  `name` varchar(145) CHARACTER SET utf8mb4 COLLATE utf8mb4_unicode_ci NOT NULL,
  `description` varchar(245) CHARACTER SET utf8mb4 COLLATE utf8mb4_unicode_ci DEFAULT NULL,
  `admin_id` bigint unsigned NOT NULL,
  PRIMARY KEY (`id`),
  KEY `fk_communities_users_admin_idx` (`admin_id`),
  CONSTRAINT `fk_communities_users` FOREIGN KEY (`admin_id`) REFERENCES `users` (`id`)
) ENGINE=InnoDB AUTO_INCREMENT=101 DEFAULT CHARSET=utf8mb4 COLLATE=utf8mb4_unicode_ci;
/*!40101 SET character_set_client = @saved_cs_client */;

--
-- Dumping data for table `communities`
--

LOCK TABLES `communities` WRITE;
/*!40000 ALTER TABLE `communities` DISABLE KEYS */;
INSERT INTO `communities` VALUES (1,'sint','Nihil ut earum saepe sequi quibusdam possimus vel. Perferendis laudantium aut labore hic deleniti aut nulla. Sit fugit doloremque sunt quia. Omnis molestiae rerum blanditiis qui.',1),(2,'aut','Molestias eum voluptatum at dolorem. Enim a quis voluptas natus eos nihil maxime. Natus voluptate et architecto placeat modi exercitationem at eum.',2),(3,'qui','Voluptatem voluptatem rem rerum ullam nobis consequatur et nisi. Doloremque nemo ut sed minima sed. Officia amet dolor qui fuga animi assumenda at.',3),(4,'eligendi','Non pariatur ea aut nihil sed est excepturi. Ipsum qui vitae facere ipsum aut voluptatem. Consequuntur aut et aut aspernatur ut fugiat aut deserunt. Nulla omnis autem sint quis at at.',4),(5,'quae','Sed incidunt doloremque rerum quisquam rem sit dicta perspiciatis. Eos ullam qui labore dolores perspiciatis.',5),(6,'et','Sit libero ipsam distinctio quis in. Non quo illum velit. Aut totam cum nisi sint fugiat. Architecto necessitatibus neque consequatur velit animi.',6),(7,'veritatis','Blanditiis deleniti et vel commodi harum. Dolores dolor corporis vel et.',7),(8,'eum','Sit blanditiis ut commodi quis aliquid. Autem nemo consequuntur ut deleniti voluptate sunt exercitationem. Quia velit dignissimos assumenda rerum aut sunt dolore laborum. Dolor error eos placeat et sequi. Dicta eveniet reiciendis ut rerum corrup',8),(9,'et','Accusamus nihil delectus vero ab. Voluptatibus earum natus ex explicabo voluptatem sequi non ab. Enim est enim unde eius qui. Inventore saepe et et ipsum velit. Enim animi et et consectetur minima assumenda quis ad.',9),(10,'esse','Eos sunt dolores ratione suscipit fugiat veniam vel. Veritatis est et praesentium et adipisci maiores eum. Veritatis adipisci ipsam autem sunt sed.',10),(11,'velit','Tenetur ipsam consequatur voluptatum. Quia veritatis minima odit quia et. Aut aut quibusdam est modi sed consequuntur praesentium consequatur. Nam quia quae rem maxime possimus deserunt error sit.',11),(12,'unde','Aut vitae nisi voluptatibus laboriosam aut quo quia. Aut perspiciatis et iusto non est voluptate dolorem. Distinctio quam repellendus cum corporis. Voluptas quia provident quia et est laudantium tenetur.',12),(13,'porro','Debitis minus ea non dolorum culpa. Et saepe dolorem molestiae necessitatibus adipisci animi labore. Et perferendis et distinctio vitae. Ut voluptas veniam earum dignissimos incidunt numquam nihil.',13),(14,'et','Sunt eum eligendi maxime quas aspernatur. Quos saepe natus repellendus ea praesentium officiis. Qui qui qui sed qui ullam rerum.',14),(15,'veritatis','Non nisi sapiente et. Vero amet esse iste ut. Doloremque sapiente expedita debitis fugit laboriosam dolorum. Aut dolorum ducimus ea.',15),(16,'cum','Reiciendis ut quae sit sed voluptatem quam voluptatibus ut. Perferendis facere iste consequuntur asperiores. Animi architecto dolores commodi occaecati recusandae facere. Et laboriosam et ut mollitia et.',16),(17,'maxime','Iure cum et quod fuga ipsa doloremque. Facere sunt ullam quo iusto voluptas quibusdam nesciunt. Deleniti praesentium quibusdam odit vero a.',17),(18,'cumque','Sequi incidunt at dolorum soluta. Aut quibusdam quo aperiam earum et laudantium eveniet. Harum atque ullam asperiores praesentium ipsam commodi. Nulla autem sit praesentium voluptatem id deserunt commodi blanditiis.',18),(19,'dolorum','Placeat ea et ut praesentium commodi sed. Nesciunt eum cupiditate vero rerum maxime aut nobis autem. Amet ipsa aliquam consequatur quia sunt. Voluptatem porro hic minima recusandae tenetur.',19),(20,'nobis','Eveniet necessitatibus porro sit modi inventore voluptatum est a. Aut et in doloremque veniam est necessitatibus. Ipsum consequuntur culpa cum labore.',20),(21,'quod','Dolorem sed quis perferendis deleniti. Id doloribus et alias. Sint quas vel a cumque ullam.',21),(22,'dolorem','Quaerat beatae sequi ducimus enim. Ea nihil officiis eaque quibusdam aut architecto dicta. Ipsum ex velit nisi repellendus officiis qui unde soluta. Ab voluptatem explicabo doloribus molestias non.',22),(23,'velit','Illum est quae consectetur unde itaque. Quibusdam et earum laudantium quia enim quo. Quia qui sequi voluptatum ut.',23),(24,'deserunt','Dolor omnis deleniti et. Consequuntur reiciendis qui provident officiis molestiae iure possimus. Fuga rem nostrum illo unde ut. Et deserunt enim aut quis.',24),(25,'fuga','Ducimus voluptatum vitae illo voluptatem dolorum amet et. Sit rem facere quidem.',25),(26,'et','Nisi expedita dolorum ad eos harum. Quos tempora consequatur harum laborum omnis velit. Eveniet quis quidem ea. Id repellat aut impedit asperiores laboriosam. Delectus ad sit dicta aut quam hic.',26),(27,'voluptatem','Quibusdam pariatur earum expedita veniam. Quidem aut eius eveniet tenetur minima iusto iure et. Quae in laborum eum et error voluptatibus. Id velit in voluptates et libero ex laborum alias.',27),(28,'cumque','Sed quia ad rerum repudiandae. Repellendus maxime omnis dolores quis dolorum esse. Ad aliquid non esse voluptatibus. Officiis aspernatur ipsum sunt natus rerum aut inventore.',28),(29,'et','Voluptatem vel ut architecto ex voluptate. Voluptate quia eum velit sunt in commodi. Possimus eligendi magni ad eveniet tempora. Voluptatem labore voluptas et ut perspiciatis nisi.',29),(30,'et','Quis eligendi aspernatur ullam voluptatem. Libero tempore vero consequatur sed voluptatum facilis. Facilis quo et at officia voluptatem ea nulla qui. Quia voluptatem cum veniam voluptas dolore ducimus unde. Cum dicta expedita quia nihil accusamu',30),(31,'ex','Sit tempore ut rerum mollitia vero. Rerum officiis enim incidunt molestiae. Amet aliquam impedit neque autem. Id architecto consectetur eum dolorem consequatur.',31),(32,'iusto','Quibusdam ut dolorem facere. Odit facilis distinctio suscipit maiores qui ullam omnis. Voluptas sit in temporibus id. Et et iste id repudiandae delectus sapiente.',32),(33,'possimus','Nihil omnis dolores quibusdam. Dolores natus blanditiis cupiditate. Voluptatem voluptas qui qui ratione quam omnis asperiores. Est nemo nihil mollitia nihil. Repellendus magni beatae voluptas similique aliquam corporis.',33),(34,'totam','Earum maiores cum a ratione labore molestias officiis. Maiores vel architecto soluta modi. Sint voluptatem ad recusandae.',34),(35,'vero','In neque sint est voluptates nisi neque quidem. Ut inventore accusamus officiis beatae et fuga ipsum. Est aut dolore aliquam libero ea. Ea voluptatem hic numquam nihil ducimus.',35),(36,'explicabo','Blanditiis quaerat nam quam aperiam quas placeat et. Ut voluptate qui impedit ut et consequatur soluta. Illo perferendis amet numquam tenetur eligendi at aut est. Voluptas ipsam non asperiores praesentium aut.',36),(37,'accusantium','Omnis consequatur atque molestias hic assumenda ratione non. Ea eaque sapiente aut quidem ullam et. In pariatur sint reiciendis dolorum exercitationem et aut.',37),(38,'qui','Ex voluptas consequuntur sit id officiis. Asperiores doloremque velit quos nam rerum.',38),(39,'non','Ea et et qui dolore reiciendis. Debitis non voluptatibus possimus non corrupti.',39),(40,'perferendis','Eveniet enim et veniam id. Omnis ex exercitationem accusamus. Delectus quam est possimus debitis neque eos. Veniam provident a neque.',40),(41,'ratione','Est in totam voluptas et nihil sunt qui. Voluptas non commodi sit aut nisi velit quibusdam numquam.',41),(42,'voluptates','Adipisci commodi recusandae illo voluptatem. Et aut repudiandae natus debitis. Et itaque autem qui distinctio et. Illo odio eveniet reprehenderit.',42),(43,'rerum','Et quia sed corporis. Libero doloremque qui quo rerum enim autem quia. Id nam maiores laborum ut facilis modi. Impedit exercitationem quibusdam voluptas atque in.',43),(44,'et','Animi reprehenderit aut reprehenderit sint vitae aut voluptate. Nemo soluta aspernatur consequatur rerum optio delectus. Neque nesciunt nihil et beatae.',44),(45,'voluptas','Quod dolore deserunt et illum et. Voluptas vel occaecati culpa in. Ratione ut vitae quidem aut sit cum. Eum et ut ut non ipsam. Laboriosam magni in facilis alias dolorem dolores pariatur.',45),(46,'molestiae','Neque et aspernatur voluptate officiis dignissimos. Quas quis adipisci dolorem sed non amet nobis. Voluptatibus vero rem magni qui. Pariatur quasi distinctio cum amet dignissimos rerum. Rerum qui blanditiis quod.',46),(47,'id','Quia iste ut dolor molestias id. Molestiae quia sunt voluptatem adipisci numquam quia aut nam. Ratione voluptates quo occaecati in repudiandae enim.',47),(48,'neque','Atque quasi fuga sit aut similique qui quas. Iste inventore quibusdam blanditiis cumque. Nihil rerum velit quia excepturi at praesentium. Corrupti quasi dolore et laborum explicabo et eaque.',48),(49,'dolorem','Dolorem nesciunt qui error qui maxime officiis dolores. Illo fugiat quisquam sit magni.',49),(50,'ut','Consequuntur impedit rem magnam exercitationem nihil omnis. Quibusdam accusamus est qui. Quibusdam quo delectus voluptatem mollitia sint. Odit soluta eaque dolore enim est deserunt. Voluptas aliquid rerum et consectetur et reprehenderit.',50),(51,'eum','Qui autem blanditiis deleniti beatae nostrum quaerat. Sit nam blanditiis aliquam et non perspiciatis. Dolores in adipisci aut. Nam aut doloribus perferendis velit.',51),(52,'asperiores','Est nemo cumque possimus qui cumque quae. Similique fugit veniam fuga doloremque consectetur. Facilis dolorem ut sit deleniti. Non sed deleniti voluptates et id.',52),(53,'quia','Sint porro facere ipsa corrupti nobis. Voluptas possimus a laboriosam omnis voluptas. Aliquid aut veniam est dolore.',53),(54,'atque','Nihil minus at aut voluptate corrupti ipsam. Occaecati nihil sed et doloribus in minima eveniet. Ipsa quaerat magnam ut consequatur qui tenetur in. Nam vel aut nihil ad atque voluptatem.',54),(55,'consequuntur','Autem eum perspiciatis porro incidunt illum quia numquam. Voluptatum et libero qui amet iusto. Qui accusamus voluptas quo architecto soluta consequatur.',55),(56,'deserunt','Sit molestiae doloribus perspiciatis dolorem ut itaque. Ducimus autem recusandae occaecati rerum voluptatum aut. Repellat est quia est qui.',56),(57,'voluptatem','Id a eligendi nulla quis. Reiciendis voluptas et quidem quam quibusdam optio. Aut est cumque ipsa voluptate ducimus magni veritatis.',57),(58,'voluptas','Cupiditate aut temporibus non ut sit consequuntur earum. Nam culpa reprehenderit repellendus et perspiciatis dignissimos. Sunt nulla est officia reiciendis officia amet. Dicta sit rem corrupti consequatur necessitatibus ea. Accusamus aut perfere',58),(59,'in','Quidem sunt maxime sapiente quasi totam debitis molestiae. Qui quia suscipit beatae ipsam voluptatem nam corrupti. Et ipsa nemo asperiores quo sed.',59),(60,'rem','Aliquam mollitia minus et nam dolorem officia sit. Nulla non qui magnam repudiandae. Laborum ut ab impedit ut a veniam molestias est. Rem dolorem vitae iste amet nobis.',60),(61,'magnam','Dolorem dolorem consequuntur et et vel quidem voluptatibus. Labore saepe expedita voluptatem fugiat delectus facere est. Et voluptas cumque sit.',61),(62,'natus','Maxime quae vero dicta. Eaque quis maxime illum eum nemo aut aut. Ipsam repudiandae consequatur aut sit officia eos. Vel necessitatibus a consequatur quisquam.',62),(63,'neque','A earum ut incidunt non. Qui magnam consequatur modi corporis est nihil non labore. Cum aspernatur soluta et aspernatur quibusdam. Ut enim repellat et amet pariatur quia.',63),(64,'rerum','Esse aliquam error quasi. Non quis sed veritatis optio alias molestiae ea. Repellat quod voluptatibus autem quaerat a aut animi.',64),(65,'aut','Minus officiis dicta architecto. Quia nam qui quidem dolorem nulla numquam nulla. Et dolore id voluptas. Sed quod in quas quam esse.',65),(66,'optio','Rerum neque sunt et quas. Quis consequatur possimus ea sed et harum. Inventore incidunt voluptatem laudantium ut.',66),(67,'et','Expedita iure dolor est deleniti veniam adipisci hic impedit. Blanditiis cum laborum et velit. Sint voluptate qui voluptatem eum doloremque molestiae. Consequatur laboriosam laudantium quibusdam beatae non. Veritatis molestias optio cum asperior',67),(68,'quo','Et et deserunt sit vel et. Aut et laborum sit qui. Distinctio explicabo ut mollitia voluptatem. Occaecati aut possimus ipsa beatae qui. Sit ipsum non dolorum.',68),(69,'reprehenderit','Suscipit rem dolores magnam mollitia sed ullam quae delectus. Dolorum beatae dicta soluta distinctio est dolores. Assumenda debitis corrupti iste unde velit quam. Reprehenderit repellendus voluptas laboriosam impedit.',69),(70,'eos','Consequatur voluptas qui et dolorem id. Aut maxime cum aut dolorem perferendis et. Illo expedita facere ducimus asperiores. Consequuntur et qui enim magni dolorem sequi.',70),(71,'suscipit','Consequatur eum impedit explicabo. Explicabo ex nisi nemo nemo. Sint nemo voluptate alias voluptas. Quo repellat quis fugiat nesciunt.',71),(72,'quia','Sed et et quisquam voluptatem quisquam similique voluptatem. Quo voluptas ipsa cupiditate at.',72),(73,'vero','Qui natus aspernatur ea illo cum et quis sunt. Nihil aliquam voluptas voluptatem esse perspiciatis autem omnis. Sunt natus soluta incidunt unde aspernatur qui. Voluptas deserunt eum aliquid veritatis consectetur est molestias totam.',73),(74,'et','Culpa itaque velit sit aliquid rerum et maiores. Minus ut ipsam et. Similique at aut labore consequatur libero. Non inventore sed vel inventore sit in molestiae.',74),(75,'hic','Ratione quidem veniam ut dicta. Delectus quisquam eius quis voluptatum sit quibusdam. Eum illo sit inventore voluptatum dolorem. Maxime nihil qui est qui provident cumque ut.',75),(76,'est','Blanditiis iste et quaerat voluptas. Sapiente saepe et commodi temporibus dolorem. Dolorum veniam sunt et fuga illo. Dolor quis eum non maxime quia tempora fuga a.',76),(77,'perferendis','Sit amet esse fuga commodi non. Minima commodi at cum accusamus tempora beatae. Et architecto ducimus dolores est. Enim inventore voluptatem suscipit quam expedita cumque consequuntur. Voluptatum porro eum a amet reprehenderit sed.',77),(78,'maiores','Eligendi consequatur voluptatum eligendi eligendi. Tempora aut qui aut atque quaerat et. Occaecati nemo iste corrupti exercitationem iusto explicabo. Cupiditate sint est veritatis omnis optio explicabo.',78),(79,'id','Expedita ut ipsam tempora mollitia. Explicabo ut deleniti odit ab corporis soluta reprehenderit. Ex voluptas autem nam eum. Aut explicabo earum porro delectus modi.',79),(80,'debitis','Iure voluptas consequatur saepe quaerat quidem ut ex. Dolore quas perferendis perferendis. Animi laudantium sed libero minima voluptatibus deleniti.',80),(81,'exercitationem','Labore molestias alias iste dolorem consequuntur et omnis. Eum modi et rerum quia. Repudiandae aperiam ad cumque sint inventore nostrum. Rerum ut corrupti voluptates modi minus.',81),(82,'quo','Debitis est praesentium qui minima possimus voluptatem ipsa autem. Ab debitis quaerat labore consequuntur. Harum voluptatem adipisci animi eum unde non placeat. Atque vel eveniet aut ut.',82),(83,'quis','Aperiam nisi eligendi error. Et qui vel sit id error. Fugit id porro facilis ex. Rem veritatis voluptatum sit adipisci quod. Qui rerum sed neque possimus.',83),(84,'est','Id ea est fugiat similique. Quaerat nam laboriosam et id a non. Voluptatem ut fuga rerum ratione.',84),(85,'quos','Consequuntur sed et architecto ipsa dignissimos cupiditate et. Aut et qui quidem velit quasi et facilis laboriosam. Voluptatem sunt qui eum id sed optio neque. Sequi aut ut iusto expedita labore quaerat corrupti.',85),(86,'est','Repellat quam facilis temporibus minima maiores in. Repudiandae cupiditate eum atque aliquid magnam. Reprehenderit odio aut officia et eos dolorem tempore.',86),(87,'minus','Qui voluptas voluptas ullam sed placeat nihil. Ratione cumque inventore natus deserunt sunt rerum est. Sit minima sint asperiores ullam aut.',87),(88,'est','Facere non incidunt assumenda dolore fugit qui sint. Odit ut consequuntur aliquam. Nihil suscipit et quod minus sint et expedita. Dolorum esse id aperiam voluptatibus amet ipsam repudiandae distinctio.',88),(89,'atque','Quo sapiente rem enim nulla reprehenderit. Omnis enim laborum dolores libero perspiciatis consequuntur voluptate. Eum rerum earum odio.',89),(90,'saepe','Tempore similique cupiditate provident modi inventore ut. Quia esse cum debitis harum ab incidunt. Nulla ad cumque nam qui.',90),(91,'eum','Totam non est veniam ipsam odit provident. Nobis dolor quis quia maxime quia sed alias. Molestiae qui alias quia earum et voluptatibus ducimus iusto.',91),(92,'autem','Deserunt modi velit sunt culpa aut dignissimos hic. Laboriosam at nam repellendus ipsam excepturi. Est est rerum cum qui non provident. Sed dolorum deleniti fugit.',92),(93,'iste','Aut aut maiores cum dolores in repudiandae. Maiores ut et voluptate aut. Labore fuga at aut culpa alias.',93),(94,'aut','Iusto rerum fuga et eveniet in molestiae autem. Et facilis fuga dolorem sit ea. Et facilis qui id consequatur enim magnam.',94),(95,'qui','Voluptatem porro omnis et accusantium nobis repudiandae. Exercitationem sit aliquid delectus maiores et pariatur. Ut sint aspernatur ut.',95),(96,'reiciendis','Saepe praesentium repellat sequi corrupti autem. Occaecati quia reprehenderit quia. Dolores provident laboriosam vel est id.',96),(97,'itaque','Temporibus quae aperiam quia ut est quaerat atque. Deleniti aut non nostrum tempora animi.',97),(98,'vel','Officia laudantium illum amet nemo harum rerum. Qui ut error voluptas. Tenetur qui sequi nisi et alias. Veritatis aspernatur at vero incidunt.',98),(99,'ipsum','Beatae itaque consequuntur perspiciatis quibusdam sint debitis ut. Rerum et voluptatibus nesciunt nihil non porro. Sunt eveniet enim ducimus rerum amet. Aut et tempora tenetur nam. Enim voluptas perspiciatis cumque.',99),(100,'quasi','Vel deleniti incidunt suscipit natus autem et sint. Dolorum ut corporis quibusdam. Ut dolorem autem omnis suscipit modi quod nisi.',100);
/*!40000 ALTER TABLE `communities` ENABLE KEYS */;
UNLOCK TABLES;

--
-- Table structure for table `communities_users`
--

DROP TABLE IF EXISTS `communities_users`;
/*!40101 SET @saved_cs_client     = @@character_set_client */;
/*!50503 SET character_set_client = utf8mb4 */;
CREATE TABLE `communities_users` (
  `community_id` bigint unsigned NOT NULL,
  `user_id` bigint unsigned NOT NULL,
  `created_at` datetime NOT NULL DEFAULT CURRENT_TIMESTAMP,
  PRIMARY KEY (`community_id`,`user_id`),
  KEY `fk_communities_users_comm_idx` (`community_id`),
  KEY `fk_communities_users_users_idx` (`user_id`),
  CONSTRAINT `fk_communities_users_comm` FOREIGN KEY (`community_id`) REFERENCES `communities` (`id`),
  CONSTRAINT `fk_communities_users_users` FOREIGN KEY (`user_id`) REFERENCES `users` (`id`)
) ENGINE=InnoDB DEFAULT CHARSET=utf8mb4 COLLATE=utf8mb4_unicode_ci;
/*!40101 SET character_set_client = @saved_cs_client */;

--
-- Dumping data for table `communities_users`
--

LOCK TABLES `communities_users` WRITE;
/*!40000 ALTER TABLE `communities_users` DISABLE KEYS */;
INSERT INTO `communities_users` VALUES (1,1,'1976-09-07 21:13:33'),(2,2,'2018-05-13 19:06:16'),(3,3,'1980-11-22 20:58:24'),(4,4,'2020-03-19 10:17:23'),(5,5,'2000-12-17 01:48:35'),(6,6,'1977-09-26 00:44:28'),(7,7,'1970-01-16 01:17:32'),(8,8,'2005-07-30 16:17:14'),(9,9,'1976-06-04 00:55:51'),(10,10,'1992-01-05 08:36:43'),(11,11,'1981-05-10 07:21:18'),(12,12,'1985-08-24 18:44:23'),(13,13,'2017-08-20 15:50:59'),(14,14,'2004-06-22 21:49:41'),(15,15,'1991-01-11 17:54:19'),(16,16,'1983-03-04 21:11:18'),(17,17,'1979-07-05 14:37:24'),(18,18,'1984-08-02 07:18:59'),(19,19,'2003-07-24 11:26:13'),(20,20,'1975-02-04 19:50:00'),(21,21,'2019-02-16 02:39:43'),(22,22,'2003-05-16 06:30:35'),(23,23,'1974-10-31 20:17:14'),(24,24,'2003-03-17 03:07:54'),(25,25,'2005-11-04 02:26:47'),(26,26,'2002-04-14 16:36:35'),(27,27,'2009-11-11 01:49:28'),(28,28,'1981-12-31 09:55:13'),(29,29,'2008-11-04 09:54:02'),(30,30,'2003-08-10 16:00:38'),(31,31,'2016-12-03 02:03:13'),(32,32,'1978-12-24 17:33:49'),(33,33,'2016-12-05 14:51:28'),(34,34,'1979-06-22 09:30:29'),(35,35,'2004-02-12 10:29:06'),(36,36,'1991-03-09 12:48:25'),(37,37,'1977-11-23 01:52:07'),(38,38,'1999-10-04 02:12:13'),(39,39,'1993-08-31 15:32:38'),(40,40,'1973-02-04 09:06:14'),(41,41,'1984-09-12 08:08:20'),(42,42,'1999-10-31 04:20:18'),(43,43,'1985-12-11 22:27:22'),(44,44,'2001-04-10 07:38:18'),(45,45,'2003-09-28 08:12:52'),(46,46,'1979-04-15 12:26:19'),(47,47,'1993-01-11 22:16:36'),(48,48,'1991-06-06 19:01:26'),(49,49,'1985-12-15 10:42:04'),(50,50,'2019-04-30 23:22:49'),(51,51,'1984-07-16 10:32:26'),(52,52,'2012-01-07 14:27:59'),(53,53,'1996-12-13 09:00:50'),(54,54,'2004-02-08 05:03:52'),(55,55,'2015-08-19 16:17:56'),(56,56,'2000-01-30 03:38:06'),(57,57,'2017-07-01 11:57:04'),(58,58,'2009-04-19 18:58:18'),(59,59,'2011-07-25 04:44:10'),(60,60,'2020-03-03 12:24:07'),(61,61,'1984-12-21 19:05:21'),(62,62,'2006-07-01 02:38:16'),(63,63,'1989-07-28 23:08:48'),(64,64,'1984-08-13 09:57:58'),(65,65,'2013-05-27 17:26:12'),(66,66,'1984-10-05 13:19:13'),(67,67,'2000-07-25 15:48:41'),(68,68,'1977-12-06 07:47:50'),(69,69,'1977-11-14 10:13:07'),(70,70,'2016-10-07 02:43:16'),(71,71,'2011-11-15 16:49:02'),(72,72,'1976-04-07 16:42:55'),(73,73,'1990-10-15 14:36:53'),(74,74,'1995-01-27 05:46:02'),(75,75,'2007-08-13 09:51:23'),(76,76,'1981-02-14 19:11:51'),(77,77,'1971-11-09 02:48:42'),(78,78,'2008-04-17 09:33:19'),(79,79,'2005-04-30 13:41:28'),(80,80,'2008-01-15 08:57:01'),(81,81,'1995-11-02 01:56:29'),(82,82,'1986-07-12 14:54:29'),(83,83,'2017-08-12 12:06:37'),(84,84,'2007-03-22 18:22:16'),(85,85,'2016-07-12 02:56:30'),(86,86,'2012-07-08 04:56:25'),(87,87,'1983-01-01 16:03:04'),(88,88,'1991-09-18 20:14:49'),(89,89,'1974-07-03 04:53:03'),(90,90,'2017-12-03 19:07:11'),(91,91,'2002-06-07 02:39:06'),(92,92,'2014-02-20 23:27:49'),(93,93,'1985-04-03 07:58:35'),(94,94,'1993-08-12 17:36:10'),(95,95,'1981-08-19 11:09:37'),(96,96,'1990-06-05 13:21:38'),(97,97,'1972-03-03 03:49:06'),(98,98,'1997-05-27 14:44:32'),(99,99,'2020-06-22 01:39:39'),(100,100,'1995-12-14 23:09:16');
/*!40000 ALTER TABLE `communities_users` ENABLE KEYS */;
UNLOCK TABLES;

--
-- Table structure for table `friend_requests`
--

DROP TABLE IF EXISTS `friend_requests`;
/*!40101 SET @saved_cs_client     = @@character_set_client */;
/*!50503 SET character_set_client = utf8mb4 */;
CREATE TABLE `friend_requests` (
  `from_user_id` bigint unsigned NOT NULL,
  `to_user_id` bigint unsigned NOT NULL,
  `accepted` tinyint(1) DEFAULT '0',
  `created_at` datetime DEFAULT CURRENT_TIMESTAMP,
  `updated_at` datetime DEFAULT NULL ON UPDATE CURRENT_TIMESTAMP,
  PRIMARY KEY (`from_user_id`,`to_user_id`),
  KEY `fk_friend_requests_from_user_idx` (`from_user_id`),
  KEY `fk_friend_requests_to_user_idx` (`to_user_id`),
  CONSTRAINT `fk_friend_requests_users_1` FOREIGN KEY (`from_user_id`) REFERENCES `users` (`id`),
  CONSTRAINT `fk_friend_requests_users_2` FOREIGN KEY (`to_user_id`) REFERENCES `users` (`id`)
) ENGINE=InnoDB DEFAULT CHARSET=utf8mb4 COLLATE=utf8mb4_unicode_ci;
/*!40101 SET character_set_client = @saved_cs_client */;

--
-- Dumping data for table `friend_requests`
--

LOCK TABLES `friend_requests` WRITE;
/*!40000 ALTER TABLE `friend_requests` DISABLE KEYS */;
INSERT INTO `friend_requests` VALUES (1,1,0,'1970-09-30 01:50:20','1981-12-17 12:35:01'),(2,2,1,'1997-06-12 01:30:08','2007-11-28 07:33:38'),(3,3,0,'2000-03-22 22:51:35','2011-02-15 03:05:32'),(4,4,0,'1994-03-08 06:53:04','1985-12-03 05:03:00'),(5,5,1,'1980-10-09 15:26:45','1985-10-13 21:10:43'),(6,6,1,'1983-12-08 11:11:26','2019-08-26 01:39:34'),(7,7,1,'2012-12-27 13:56:01','1984-10-11 03:55:10'),(8,8,0,'1978-12-06 05:26:07','1975-04-24 20:02:23'),(9,9,0,'2007-01-10 07:52:26','2010-10-23 11:49:12'),(10,10,0,'2015-03-31 08:35:03','2021-03-11 03:57:21'),(11,11,1,'1991-05-10 04:37:13','1973-12-12 19:57:04'),(12,12,1,'1993-01-19 15:13:51','1975-06-13 05:53:30'),(13,13,1,'2004-09-30 02:50:31','2003-09-20 02:43:56'),(14,14,0,'1984-03-23 00:48:18','1996-11-06 16:56:52'),(15,15,1,'2006-08-22 19:37:37','1979-05-13 05:30:41'),(16,16,1,'1996-12-22 06:26:51','1984-10-30 15:06:20'),(17,17,0,'1990-01-10 04:44:11','2010-02-04 12:29:07'),(18,18,1,'1988-12-06 10:11:50','1985-07-26 04:29:46'),(19,19,1,'1980-06-18 16:22:17','1989-08-13 02:34:20'),(20,20,1,'2015-04-28 07:46:56','1997-10-12 19:04:47'),(21,21,0,'1994-03-17 03:18:32','2016-03-24 20:59:18'),(22,22,0,'2018-10-29 05:12:52','1970-10-03 01:57:21'),(23,23,1,'1984-09-14 19:52:58','1978-02-10 22:26:22'),(24,24,0,'1986-01-11 02:13:31','1987-01-16 15:15:46'),(25,25,0,'1992-03-07 03:56:01','1986-02-24 03:12:45'),(26,26,0,'1981-11-23 09:48:46','1974-05-11 12:14:51'),(27,27,1,'1977-07-21 07:02:40','1983-01-18 00:22:32'),(28,28,1,'1996-03-17 18:02:23','2002-07-05 01:10:26'),(29,29,1,'2018-01-17 07:28:31','2001-12-31 11:47:41'),(30,30,1,'1975-04-19 18:59:18','1980-08-10 18:09:16'),(31,31,0,'2004-11-21 04:29:09','1994-09-30 19:52:04'),(32,32,1,'1978-09-21 15:40:45','1983-01-03 13:39:49'),(33,33,1,'1997-07-29 23:42:09','2013-10-23 16:51:23'),(34,34,1,'1989-06-26 00:37:50','1981-01-22 14:08:39'),(35,35,0,'1995-03-10 15:27:59','1995-12-31 20:14:40'),(36,36,0,'1985-11-19 06:54:00','1991-10-30 14:14:55'),(37,37,1,'2013-05-15 03:40:10','1989-11-08 21:55:05'),(38,38,1,'2005-03-15 12:26:14','2001-01-10 02:18:29'),(39,39,1,'1985-03-05 23:47:29','1996-08-06 19:56:52'),(40,40,0,'2020-12-12 20:49:12','2001-01-22 04:42:32'),(41,41,1,'2015-10-09 17:12:08','1976-03-05 22:25:38'),(42,42,1,'1984-09-05 04:09:52','1974-08-27 15:29:10'),(43,43,0,'2008-01-12 18:28:01','1979-03-20 01:49:59'),(44,44,1,'2003-10-01 08:08:17','2009-01-23 17:40:46'),(45,45,0,'1972-07-08 08:04:50','2012-08-18 11:56:20'),(46,46,1,'1986-12-22 03:49:22','1972-06-29 23:11:25'),(47,47,0,'1996-07-07 21:38:39','1973-10-26 23:05:00'),(48,48,0,'2018-10-29 20:44:06','1980-10-19 01:50:31'),(49,49,0,'2018-03-04 05:47:01','1977-03-21 03:20:29'),(50,50,1,'2005-08-25 08:31:28','2020-02-10 16:08:03'),(51,51,1,'2006-02-05 00:41:56','1989-07-17 18:25:49'),(52,52,1,'2019-09-12 08:58:27','2017-04-06 12:20:39'),(53,53,1,'2016-01-06 18:51:23','1974-08-21 23:53:07'),(54,54,1,'1998-07-09 00:39:18','1993-11-21 15:40:34'),(55,55,0,'1993-07-27 16:20:42','2009-06-01 15:28:04'),(56,56,0,'1976-10-22 03:13:15','1975-08-25 06:43:35'),(57,57,0,'1981-01-29 02:54:16','2009-07-08 08:33:10'),(58,58,1,'1994-12-05 22:05:08','1978-09-07 07:21:25'),(59,59,1,'2016-06-06 13:58:19','2018-07-07 22:02:00'),(60,60,1,'1983-08-06 07:26:20','2010-08-25 06:55:17'),(61,61,0,'1987-04-15 08:23:08','2009-06-16 21:24:28'),(62,62,1,'1989-02-08 12:13:49','2018-11-16 17:48:05'),(63,63,1,'2016-06-23 16:10:14','1993-09-14 02:47:23'),(64,64,1,'1994-05-03 11:56:44','1986-05-17 12:09:39'),(65,65,0,'2015-01-05 15:13:56','1988-08-16 11:42:55'),(66,66,1,'2009-07-10 03:36:26','2002-04-23 03:46:33'),(67,67,0,'1994-05-09 19:23:59','1998-01-29 05:55:52'),(68,68,0,'2016-10-17 19:48:42','2004-12-24 11:33:29'),(69,69,0,'1980-12-25 10:48:59','1994-12-06 21:07:28'),(70,70,0,'2006-03-21 03:30:36','1981-07-02 23:05:15'),(71,71,0,'1989-04-30 18:44:12','2003-05-14 02:36:22'),(72,72,1,'2016-07-18 08:27:08','1981-02-16 01:38:24'),(73,73,0,'2001-08-11 07:12:48','1975-10-04 06:01:51'),(74,74,1,'2001-03-22 02:33:28','2013-05-22 09:15:35'),(75,75,1,'1996-12-20 07:59:38','1999-11-17 01:48:54'),(76,76,1,'2010-06-28 04:28:24','1985-10-13 05:16:21'),(77,77,1,'1987-06-22 10:04:32','1981-01-24 13:58:30'),(78,78,0,'1984-07-13 00:20:11','2005-06-16 14:29:22'),(79,79,1,'1988-03-30 07:53:39','2008-12-28 18:17:00'),(80,80,0,'2002-03-01 19:22:15','1989-12-27 04:09:35'),(81,81,0,'1982-10-02 02:22:52','1971-01-20 19:49:36'),(82,82,0,'1984-01-20 04:54:34','2001-01-19 03:30:28'),(83,83,1,'2011-04-05 10:57:25','1975-09-09 11:20:13'),(84,84,1,'1996-07-25 14:37:51','1971-09-25 11:56:38'),(85,85,0,'1976-10-29 01:37:29','1997-03-07 18:39:35'),(86,86,1,'2016-07-10 13:10:12','2010-08-18 19:36:01'),(87,87,1,'2003-07-10 15:48:51','1975-11-16 18:41:23'),(88,88,1,'1993-01-08 02:37:36','2007-11-03 18:41:09'),(89,89,0,'1974-01-15 22:09:50','2009-06-18 18:20:04'),(90,90,0,'1979-05-15 04:58:50','1987-01-03 08:40:03'),(91,91,1,'2003-12-21 08:56:49','2004-10-07 07:32:42'),(92,92,0,'1975-03-31 08:02:25','2008-01-02 23:09:14'),(93,93,0,'2013-04-02 16:59:06','1974-03-31 01:02:48'),(94,94,0,'1983-07-16 07:03:11','1993-03-25 12:21:32'),(95,95,1,'1981-08-09 00:02:18','2011-10-07 00:31:09'),(96,96,0,'2013-05-23 11:33:51','1995-10-25 10:23:08'),(97,97,0,'1972-02-16 13:26:43','2019-02-12 18:07:52'),(98,98,1,'1983-04-03 18:00:37','2000-10-20 03:46:12'),(99,99,0,'1987-12-08 22:01:03','1982-06-14 02:57:24'),(100,100,1,'1976-05-28 06:02:02','1994-08-07 19:38:16');
/*!40000 ALTER TABLE `friend_requests` ENABLE KEYS */;
UNLOCK TABLES;

--
-- Table structure for table `media`
--

DROP TABLE IF EXISTS `media`;
/*!40101 SET @saved_cs_client     = @@character_set_client */;
/*!50503 SET character_set_client = utf8mb4 */;
CREATE TABLE `media` (
  `id` bigint unsigned NOT NULL AUTO_INCREMENT,
  `user_id` bigint unsigned NOT NULL,
  `media_types_id` int unsigned NOT NULL,
  `file_name` varchar(245) CHARACTER SET utf8mb4 COLLATE utf8mb4_unicode_ci DEFAULT NULL COMMENT '/files/folder/img.png',
  `file_size` bigint DEFAULT NULL,
  `created_at` datetime NOT NULL DEFAULT CURRENT_TIMESTAMP,
  PRIMARY KEY (`id`),
  KEY `fk_media_media_types_idx` (`media_types_id`),
  KEY `fk_media_users_idx` (`user_id`),
  CONSTRAINT `fk_media_media_types` FOREIGN KEY (`media_types_id`) REFERENCES `media_types` (`id`),
  CONSTRAINT `fk_media_users` FOREIGN KEY (`user_id`) REFERENCES `users` (`id`)
) ENGINE=InnoDB AUTO_INCREMENT=101 DEFAULT CHARSET=utf8mb4 COLLATE=utf8mb4_unicode_ci;
/*!40101 SET character_set_client = @saved_cs_client */;

--
-- Dumping data for table `media`
--

LOCK TABLES `media` WRITE;
/*!40000 ALTER TABLE `media` DISABLE KEYS */;
INSERT INTO `media` VALUES (1,1,1,'laboriosam',0,'2003-01-29 04:28:55'),(2,2,2,'sunt',8740,'1988-03-28 17:19:21'),(3,3,3,'ab',13,'2014-02-12 03:12:47'),(4,4,4,'doloremque',72956908,'1993-11-30 10:07:00'),(5,5,1,'consectetur',8,'1987-05-29 07:26:12'),(6,6,2,'eligendi',1647,'2008-03-26 19:18:54'),(7,7,3,'autem',45788,'2016-10-03 14:34:41'),(8,8,4,'voluptatem',61,'2009-09-15 12:46:01'),(9,9,1,'qui',283,'2020-03-12 02:21:56'),(10,10,2,'rem',0,'2015-11-08 15:02:17'),(11,11,3,'ea',245784908,'2003-12-14 00:08:36'),(12,12,4,'reprehenderit',380,'1977-03-16 14:47:28'),(13,13,1,'illo',74745162,'2007-01-26 00:35:06'),(14,14,2,'est',46,'2011-03-15 15:31:08'),(15,15,3,'totam',14,'2000-12-15 23:14:44'),(16,16,4,'reprehenderit',66776,'2005-04-06 10:24:24'),(17,17,1,'asperiores',3,'2011-01-01 04:11:19'),(18,18,2,'qui',936145489,'1970-10-27 09:14:51'),(19,19,3,'et',28,'1984-03-14 01:36:56'),(20,20,4,'eaque',0,'1983-09-21 03:02:23'),(21,21,1,'velit',60054363,'2015-09-23 16:26:59'),(22,22,2,'magnam',938,'2007-06-27 20:11:02'),(23,23,3,'occaecati',0,'1981-10-31 00:35:15'),(24,24,4,'ipsum',0,'1982-02-24 03:03:00'),(25,25,1,'est',844996,'2019-09-01 20:21:54'),(26,26,2,'eum',5,'1979-04-25 19:01:48'),(27,27,3,'expedita',27677206,'1998-03-26 04:09:35'),(28,28,4,'ut',69237708,'1996-08-10 14:22:24'),(29,29,1,'fuga',48,'1970-05-06 22:53:10'),(30,30,2,'similique',0,'1979-07-23 07:55:34'),(31,31,3,'itaque',45,'2006-07-16 03:56:42'),(32,32,4,'eum',3,'2014-02-14 20:33:13'),(33,33,1,'quis',77,'2003-06-17 21:00:45'),(34,34,2,'nostrum',4758,'1975-02-06 13:57:02'),(35,35,3,'accusamus',49051,'2017-01-28 15:26:12'),(36,36,4,'eius',3,'2002-10-02 17:41:40'),(37,37,1,'a',4558,'2016-03-30 11:52:14'),(38,38,2,'eos',843553,'1976-12-06 00:28:12'),(39,39,3,'quia',6949818,'1997-05-02 03:04:07'),(40,40,4,'quis',31,'2011-02-02 12:22:59'),(41,41,1,'quia',0,'1995-08-19 13:02:43'),(42,42,2,'nesciunt',330,'2014-11-17 20:55:08'),(43,43,3,'et',0,'2003-09-06 08:35:16'),(44,44,4,'nostrum',2828512,'1986-04-07 08:32:57'),(45,45,1,'fugiat',7208843,'2008-08-28 20:43:25'),(46,46,2,'commodi',4,'2001-05-25 07:00:25'),(47,47,3,'enim',0,'2008-08-23 22:06:18'),(48,48,4,'quo',0,'1984-01-12 08:35:44'),(49,49,1,'quis',58,'1970-07-01 11:14:02'),(50,50,2,'maxime',26,'2012-12-07 20:05:27'),(51,51,3,'necessitatibus',0,'1989-07-22 00:28:01'),(52,52,4,'ut',2,'2013-08-11 04:41:28'),(53,53,1,'sint',533,'2013-11-20 00:52:04'),(54,54,2,'blanditiis',246962922,'2017-06-20 19:27:41'),(55,55,3,'asperiores',472151823,'1999-08-23 10:45:07'),(56,56,4,'omnis',6,'1991-11-21 01:23:30'),(57,57,1,'voluptatem',6844412,'1974-10-04 20:41:59'),(58,58,2,'ut',297580921,'1975-03-03 21:29:40'),(59,59,3,'repellat',660,'1982-06-21 23:30:20'),(60,60,4,'nostrum',2058743,'2007-12-20 22:58:18'),(61,61,1,'perferendis',0,'2012-07-13 08:26:57'),(62,62,2,'dignissimos',110,'1976-11-20 18:07:37'),(63,63,3,'accusantium',7,'2015-11-22 22:00:23'),(64,64,4,'eveniet',76,'1992-10-21 23:01:44'),(65,65,1,'ut',874889240,'1986-10-20 03:00:03'),(66,66,2,'dolor',50,'2003-06-20 21:30:45'),(67,67,3,'animi',65332,'1999-06-10 19:32:38'),(68,68,4,'consequatur',0,'1986-02-17 21:54:42'),(69,69,1,'illo',695032139,'1988-06-28 00:23:43'),(70,70,2,'totam',54,'1985-08-24 16:38:35'),(71,71,3,'quas',2922930,'2016-05-07 11:35:10'),(72,72,4,'occaecati',721674,'2019-07-31 10:56:54'),(73,73,1,'ab',733954,'1973-05-21 21:06:11'),(74,74,2,'quis',111407,'1973-08-02 10:52:01'),(75,75,3,'iure',758083,'1972-03-11 18:08:45'),(76,76,4,'maiores',530,'1986-08-09 17:07:16'),(77,77,1,'eveniet',3900597,'2007-10-18 01:28:56'),(78,78,2,'sequi',590,'2013-01-11 17:50:44'),(79,79,3,'minus',0,'2017-06-28 18:41:17'),(80,80,4,'voluptate',435019,'2001-01-29 04:16:33'),(81,81,1,'qui',20,'2002-07-19 13:29:01'),(82,82,2,'et',7776,'1986-12-25 07:31:07'),(83,83,3,'rerum',0,'2008-11-04 05:46:01'),(84,84,4,'quis',2466,'2015-08-03 20:21:08'),(85,85,1,'impedit',0,'2009-11-24 13:53:48'),(86,86,2,'quas',36778,'1970-12-12 16:50:38'),(87,87,3,'deleniti',30816559,'1974-07-01 10:09:59'),(88,88,4,'facilis',79577457,'2018-10-07 04:02:37'),(89,89,1,'aut',2,'2012-06-10 08:49:30'),(90,90,2,'modi',8,'1973-06-02 07:52:15'),(91,91,3,'sed',0,'2011-07-17 13:44:42'),(92,92,4,'esse',56866127,'1973-04-03 16:54:02'),(93,93,1,'voluptates',13927,'1973-06-10 17:46:53'),(94,94,2,'dolores',70820,'2006-01-02 19:52:39'),(95,95,3,'sed',6193,'1987-09-14 06:14:40'),(96,96,4,'non',141565807,'1982-11-17 14:21:07'),(97,97,1,'deserunt',3,'2000-08-30 14:42:40'),(98,98,2,'distinctio',7,'1975-02-07 16:48:55'),(99,99,3,'asperiores',541975973,'1987-07-02 17:03:02'),(100,100,4,'vel',7800190,'2008-08-03 17:28:36');
/*!40000 ALTER TABLE `media` ENABLE KEYS */;
UNLOCK TABLES;

--
-- Table structure for table `media_types`
--

DROP TABLE IF EXISTS `media_types`;
/*!40101 SET @saved_cs_client     = @@character_set_client */;
/*!50503 SET character_set_client = utf8mb4 */;
CREATE TABLE `media_types` (
  `id` int unsigned NOT NULL AUTO_INCREMENT,
  `name` varchar(45) CHARACTER SET utf8mb4 COLLATE utf8mb4_unicode_ci NOT NULL,
  PRIMARY KEY (`id`),
  UNIQUE KEY `name` (`name`)
) ENGINE=InnoDB AUTO_INCREMENT=5 DEFAULT CHARSET=utf8mb4 COLLATE=utf8mb4_unicode_ci;
/*!40101 SET character_set_client = @saved_cs_client */;

--
-- Dumping data for table `media_types`
--

LOCK TABLES `media_types` WRITE;
/*!40000 ALTER TABLE `media_types` DISABLE KEYS */;
INSERT INTO `media_types` VALUES (3,'dolor'),(1,'iste'),(2,'quo'),(4,'reprehenderit');
/*!40000 ALTER TABLE `media_types` ENABLE KEYS */;
UNLOCK TABLES;

--
-- Table structure for table `messages`
--

DROP TABLE IF EXISTS `messages`;
/*!40101 SET @saved_cs_client     = @@character_set_client */;
/*!50503 SET character_set_client = utf8mb4 */;
CREATE TABLE `messages` (
  `id` bigint unsigned NOT NULL AUTO_INCREMENT,
  `from_user_id` bigint unsigned NOT NULL,
  `to_user_id` bigint unsigned NOT NULL,
  `txt` text CHARACTER SET utf8mb4 COLLATE utf8mb4_unicode_ci NOT NULL,
  `is_delivered` tinyint(1) DEFAULT '0',
  `created_at` datetime NOT NULL DEFAULT CURRENT_TIMESTAMP,
  `updated_at` datetime DEFAULT NULL ON UPDATE CURRENT_TIMESTAMP,
  PRIMARY KEY (`id`),
  KEY `fk_messages_from_user_idx` (`from_user_id`),
  KEY `fk_messages_to_user_idx` (`to_user_id`),
  CONSTRAINT `fk_messages_users_1` FOREIGN KEY (`from_user_id`) REFERENCES `users` (`id`),
  CONSTRAINT `fk_messages_users_2` FOREIGN KEY (`to_user_id`) REFERENCES `users` (`id`)
) ENGINE=InnoDB AUTO_INCREMENT=101 DEFAULT CHARSET=utf8mb4 COLLATE=utf8mb4_unicode_ci;
/*!40101 SET character_set_client = @saved_cs_client */;

--
-- Dumping data for table `messages`
--

LOCK TABLES `messages` WRITE;
/*!40000 ALTER TABLE `messages` DISABLE KEYS */;
INSERT INTO `messages` VALUES (1,1,1,'Ipsa rem ut et facere dicta et. Et ullam quam repudiandae quia dolorum non distinctio. Et itaque sed porro sapiente voluptatem. Saepe reprehenderit in blanditiis tempora ut.',0,'1983-01-12 01:39:33','2000-12-25 12:12:07'),(2,2,2,'Nemo consectetur quia sunt vitae sapiente distinctio. Ipsa tenetur sequi sed non quo veritatis. Ratione id voluptatibus quam deleniti dolores.',1,'1988-06-11 11:44:05','1978-03-24 17:12:01'),(3,3,3,'Minima iste non quis dolor quidem. Occaecati nemo velit velit voluptate. Et cum saepe commodi dolores praesentium tenetur assumenda. Cum et qui adipisci unde dolores rerum sed.',0,'1979-01-26 12:22:35','2010-04-13 19:55:45'),(4,4,4,'Necessitatibus ipsam consequatur dolor nostrum. Ducimus est aut totam consequatur saepe in est. Aut consequatur voluptas voluptas est earum inventore veritatis sint.',0,'2005-07-02 04:18:46','2000-07-21 22:33:13'),(5,5,5,'Accusantium rem quam aut omnis labore qui vero. Modi enim minus ducimus atque aperiam.',1,'1982-08-30 23:53:53','1983-04-20 20:45:44'),(6,6,6,'Autem qui tenetur magni pariatur modi cumque quia. Ipsam quos alias corporis omnis. Rerum adipisci nobis nihil magnam consequatur eaque.',1,'1998-04-22 21:23:31','2014-01-21 12:47:38'),(7,7,7,'Maiores sequi voluptatibus id id facere. Et qui et voluptatem. Corrupti vero occaecati quia ut corporis. Eaque qui omnis et rem.',1,'2004-02-29 03:12:26','2013-03-13 11:16:18'),(8,8,8,'Quos non cum natus quis nobis quaerat. Doloremque consequatur fugiat velit. Libero voluptatum rem a eligendi quibusdam minus. Natus quia quam quia sapiente atque est explicabo eius.',0,'1971-06-02 02:50:58','1973-03-30 14:15:02'),(9,9,9,'Error ut quisquam dicta omnis molestiae. Ipsa ut aut et cumque. Est quis fugiat recusandae quam ipsum. Officia tenetur sint porro possimus voluptatem at. Saepe ad nam odit quo.',1,'2004-10-12 20:46:45','1997-05-07 12:06:50'),(10,10,10,'Iure sed asperiores rerum libero quasi asperiores. Aut tempore qui quod eaque. Aliquam delectus sint sapiente non corporis.',1,'2006-06-22 21:29:27','2009-05-27 15:03:01'),(11,11,11,'Sint molestiae quam ut enim ullam omnis necessitatibus commodi. Qui ut et odit veniam accusamus ab. Temporibus et provident sequi aliquam.',0,'2015-12-28 11:30:12','2016-01-29 22:47:54'),(12,12,12,'Natus voluptatem iusto quas nobis quaerat ullam sed. Qui corrupti laboriosam quasi asperiores. Est velit quia ut itaque laboriosam alias amet. Qui eius aut consequuntur ut ut sed in.',0,'2000-10-05 01:20:00','2012-04-24 00:45:40'),(13,13,13,'Laborum ut vitae saepe et ea praesentium dicta. Et debitis sint at a placeat. Neque beatae qui officiis earum dolorem.',0,'1990-09-06 16:38:26','2002-03-27 21:32:01'),(14,14,14,'Atque reprehenderit modi est laudantium eos perspiciatis qui. Dolorum animi ut quis aut recusandae consequatur excepturi. Est veritatis veniam ipsa non dolorem. Ea officiis ut libero.',0,'1999-02-03 19:51:10','1996-12-28 07:15:40'),(15,15,15,'Quod et vel omnis quam. Incidunt et libero sed doloribus voluptatum qui. Et omnis provident culpa velit.',1,'1988-05-13 23:32:45','1993-09-19 02:03:10'),(16,16,16,'Iusto sed sit rerum quae dolorem. Ducimus voluptas fugiat sint est incidunt. Odit ut unde accusantium nisi iure ut natus. Doloribus esse eum est placeat.',1,'1971-10-25 01:58:12','2017-12-26 02:19:54'),(17,17,17,'Doloribus labore maxime voluptatem omnis. Quo beatae quam illo ut. Qui vel error repudiandae dolorum quis qui aut voluptatem. Non labore molestiae maxime nemo explicabo autem.',1,'2002-05-13 09:03:45','1991-06-11 06:34:31'),(18,18,18,'Itaque debitis dolorem quos pariatur autem nihil esse. Rem aut expedita aut aut quis. Corrupti sint velit fugit ea.',0,'2001-06-27 06:25:15','2016-10-18 22:40:39'),(19,19,19,'Laudantium corrupti ipsam illo. Neque et doloremque deserunt amet atque assumenda. Animi ad quia sint non blanditiis.',0,'1973-12-14 13:55:44','2000-01-06 20:56:40'),(20,20,20,'Ut dignissimos aut inventore omnis est soluta. At adipisci quis quae soluta laborum. Sed reiciendis porro ullam vel tenetur est qui aspernatur. Delectus hic saepe nostrum voluptatem.',0,'2012-04-27 08:11:41','1975-01-08 19:05:06'),(21,21,21,'Vitae voluptates qui perspiciatis nisi. Rerum deserunt sunt natus ratione. Cum id molestiae eos tempore aut amet rerum sit. Repellendus enim ut officiis.',1,'2012-10-25 13:00:36','2001-08-28 13:24:41'),(22,22,22,'Molestias voluptate veritatis consectetur sunt doloribus recusandae id. Aut temporibus est quasi ut. Et repudiandae necessitatibus corrupti.',0,'1995-07-06 11:35:27','1999-05-24 13:43:10'),(23,23,23,'Dolores sequi dolor at quaerat et ab. Nostrum eos porro cupiditate qui est. Sint repellendus et minima nulla.',0,'2019-10-04 18:12:50','1980-07-23 00:46:26'),(24,24,24,'Sit asperiores suscipit rerum facere. Qui perferendis non quia maxime optio nobis. Ut cupiditate nostrum ex ut veritatis corrupti. Amet blanditiis nulla laboriosam repudiandae autem.',1,'2006-12-05 01:02:22','2018-03-08 22:17:53'),(25,25,25,'Rerum voluptas labore velit facere voluptas. Libero quod voluptatibus beatae eum.',0,'1996-01-13 03:16:01','1971-10-23 10:30:19'),(26,26,26,'Magnam quo voluptas sint ut labore ut tempore. Et magni perferendis non ut quia rerum harum. Illum qui maxime quod rerum ut et sapiente beatae.',0,'2015-08-07 13:45:04','1981-11-29 11:17:55'),(27,27,27,'Soluta ea vel repellat at. Molestias rerum accusantium voluptate est reiciendis quidem. Perspiciatis consectetur similique est. Quisquam et veritatis eum veritatis non quo officia.',0,'1977-05-20 12:17:55','2008-09-25 03:27:36'),(28,28,28,'Facere assumenda adipisci aut rerum aliquid nemo cupiditate. Impedit quia ea omnis ducimus qui. Architecto dolorem possimus assumenda vero.',1,'2011-09-18 04:13:31','1977-11-02 13:37:22'),(29,29,29,'Inventore ipsam ipsam omnis iure at similique. Aspernatur soluta beatae porro repellat. Labore perspiciatis autem aut qui.',0,'1993-08-16 15:25:59','1983-04-15 16:10:04'),(30,30,30,'Tempore incidunt ut culpa. Non rerum consequatur temporibus ipsum sit. Voluptatem aut velit ut omnis. Cupiditate eius nesciunt quis nam.',1,'1990-04-24 18:08:51','1998-04-30 12:53:56'),(31,31,31,'Officia fuga sed et optio deserunt dicta cumque. Aut beatae quia mollitia enim ea fugiat. Sunt esse eius natus velit quaerat. Voluptatem vero sit dolorem ea.',1,'1984-03-22 05:01:55','1984-02-12 18:05:59'),(32,32,32,'Harum consequuntur doloribus eum. Id nulla assumenda non expedita nobis expedita sed ratione. Ex aut et et veritatis. Et vel velit esse voluptatem earum.',0,'2016-01-19 11:58:42','2010-08-29 18:15:40'),(33,33,33,'Qui architecto omnis laboriosam porro quas aliquam. Accusantium totam sit facere saepe. Quibusdam quis quos autem voluptates ullam sapiente.',1,'1982-05-16 11:00:40','1974-09-02 00:57:21'),(34,34,34,'Ducimus rerum sit fugit totam tempore fugit. Iure magni sed voluptas. Et suscipit ut sint officia dolor accusantium.',0,'2014-09-01 22:19:49','1973-03-04 04:09:03'),(35,35,35,'Et aperiam et ab amet expedita temporibus alias. Aut qui ut vitae sit iste suscipit facilis. Dolorem aliquam ipsum nulla facere error eos sit.',0,'1975-01-05 01:42:43','2014-03-25 13:31:58'),(36,36,36,'Molestiae totam et consequuntur consequatur labore ad optio iusto. Id temporibus dolore quisquam accusamus. Voluptatem eaque aperiam ad id porro saepe.',1,'1985-01-03 13:15:10','1981-06-25 03:06:34'),(37,37,37,'Impedit harum architecto aut expedita. Id nemo sed facere sed enim iusto. Voluptatem beatae voluptatibus animi aspernatur eum blanditiis cum reiciendis.',1,'1992-10-28 22:13:59','1990-02-07 00:23:32'),(38,38,38,'Illum illo quia numquam repellat nobis perferendis. Tempore velit sequi ullam earum ducimus. Dolores aut consequatur est omnis molestiae modi incidunt.',0,'1989-05-13 19:15:26','1979-11-11 23:02:57'),(39,39,39,'Quas expedita qui veniam qui facilis magni labore aut. Quod vel rerum veniam ipsam.',1,'1991-10-16 01:19:33','1980-07-03 12:20:49'),(40,40,40,'Harum harum tenetur dolorem. Illo inventore corporis quaerat magnam vel dolores quasi. Deleniti nam ut rerum.',1,'2021-02-01 09:13:03','1982-06-19 05:00:45'),(41,41,41,'Incidunt saepe id est autem minus. Sunt aut quia porro voluptas et. Distinctio autem minima dignissimos. Velit iste et nobis nisi sint.',1,'1983-01-05 03:44:03','1998-07-31 10:48:38'),(42,42,42,'Tempora esse sed est sed non. Quis reprehenderit deleniti at voluptatem. Necessitatibus nam dolor ut. Unde sequi eum sed enim aliquam mollitia eum. Occaecati quia nihil expedita eius.',1,'1973-10-14 22:16:27','1994-07-23 08:37:17'),(43,43,43,'Nemo ipsum enim dolore non et. Quia temporibus consequatur et aperiam repudiandae. Cupiditate delectus tempora totam impedit. Aliquam aut rerum sit consectetur et impedit sequi.',1,'1981-12-18 14:27:17','1987-12-06 18:09:39'),(44,44,44,'Voluptatem earum dolor voluptas mollitia et facilis qui. Architecto omnis dolores et dolores. Accusamus rerum eveniet et incidunt numquam.',0,'2014-08-12 02:29:58','1990-12-07 03:25:05'),(45,45,45,'Dolores quam unde ipsum impedit. Eaque quod et ducimus laudantium est architecto repudiandae. Sint molestiae vitae quo debitis id temporibus.',0,'2014-12-07 02:50:14','1974-09-24 11:58:58'),(46,46,46,'Quos aperiam est nemo fuga quisquam qui quibusdam. Consequuntur ut qui voluptatum nihil ut sed laborum.',1,'1994-01-29 15:51:02','1987-03-07 01:16:31'),(47,47,47,'Modi quo rem est non. Perferendis odio delectus at ab ut id est. Libero ea qui temporibus rerum voluptas et facere. Dolor harum ex eveniet et sunt.',0,'2006-01-25 01:12:39','1996-03-29 12:34:55'),(48,48,48,'Ad qui ut beatae ratione sed placeat dolorem. Consequuntur voluptatem nihil sed perspiciatis unde. Commodi sed id sint soluta. Et debitis quia est non nostrum sed labore.',0,'2020-01-27 16:54:18','1977-08-17 16:45:36'),(49,49,49,'Consequuntur beatae ratione dolor voluptatem occaecati nisi repudiandae nisi. Saepe non magnam sit eum laboriosam nostrum.',1,'2009-09-24 06:41:19','1973-12-05 17:57:35'),(50,50,50,'Ipsa assumenda minima eum quis voluptatem quo corporis. At aspernatur assumenda ducimus commodi dolores.',1,'1970-12-02 18:59:16','1986-09-10 13:29:52'),(51,51,51,'Dolor at pariatur laudantium aut. Ipsum id assumenda nisi ut. Quod optio et ad ea est.',0,'1981-06-14 01:30:40','1997-01-27 09:00:00'),(52,52,52,'Illum dolor quis rerum doloribus. Quos ad quia aperiam quisquam. Nobis et deleniti culpa nihil at.\nEarum qui odit at optio. Voluptates aut recusandae deleniti reprehenderit sequi voluptate.',1,'1995-03-03 16:35:47','1999-07-12 11:39:54'),(53,53,53,'Corrupti omnis enim corporis dolorem ipsa nam sint. Qui est amet aut.',0,'1977-12-29 09:29:38','1976-03-03 23:19:51'),(54,54,54,'Voluptate numquam sapiente voluptatem ut nostrum soluta. Exercitationem expedita veritatis et ullam quisquam enim rerum. Optio incidunt nihil aut sunt maiores maxime labore.',1,'2007-11-08 04:08:15','2001-06-24 09:31:02'),(55,55,55,'Culpa dolores reiciendis libero aperiam blanditiis ut dolores. Iusto quidem ipsa tempora aspernatur. Et omnis cupiditate porro est facilis quibusdam.',1,'1980-05-17 05:37:44','1994-12-27 09:14:39'),(56,56,56,'Dolore dolor aut sit veritatis aperiam ex assumenda. Sunt minima quidem natus deleniti officiis. Numquam hic veritatis temporibus sit molestiae adipisci.',1,'1999-06-18 01:59:13','1983-08-19 10:59:22'),(57,57,57,'Consequatur quo ut ut est. Magni et saepe molestiae laboriosam debitis ut ut. Eum odio delectus ut molestiae quasi.',0,'1994-04-18 09:38:33','2014-01-20 02:35:31'),(58,58,58,'Sed amet quos quo voluptatem sapiente eius. Hic voluptatem blanditiis deleniti maxime. Quibusdam nobis dolorum dolores quia animi.',0,'2013-05-13 15:11:17','2017-02-16 23:05:10'),(59,59,59,'Libero est labore et voluptas est corrupti facilis. Exercitationem odio qui laudantium ut. Sapiente error sequi dolores beatae dolores minima natus. Possimus molestias quis dicta nemo quibusdam.',1,'2016-11-01 07:57:40','1977-06-24 06:09:57'),(60,60,60,'Repudiandae aperiam non architecto esse. Illum deleniti aperiam rem aut et praesentium aliquam ut. Blanditiis officia saepe rerum eum quia. Esse incidunt odio animi accusamus harum.',1,'1996-12-18 15:54:23','2007-12-17 20:02:24'),(61,61,61,'Incidunt quo eum tenetur iste omnis aut. Sit cum consequatur consequuntur sed consequatur illum. Voluptatem impedit harum eum necessitatibus et et nulla quos.',1,'1974-08-10 11:00:41','2015-06-29 14:58:18'),(62,62,62,'Deleniti libero sed possimus veniam veniam et aut. Rerum delectus nobis perferendis numquam et aut. Voluptatem consequuntur ea expedita. Ipsam libero ut totam.',0,'1988-01-14 06:56:04','1996-02-07 11:17:23'),(63,63,63,'Ea quasi unde qui ut. Eaque explicabo veniam aut eum. Provident blanditiis non assumenda eos. Accusamus ducimus vel sit modi numquam est.',0,'1995-05-24 14:11:42','2014-02-28 11:57:54'),(64,64,64,'Ut quidem cumque enim enim voluptas. Aspernatur corrupti blanditiis soluta. Rerum enim sed minima enim sit ullam occaecati.',1,'2016-02-04 02:04:50','1976-01-05 23:17:37'),(65,65,65,'Nihil architecto eos repellat voluptate voluptatem sed. Ullam suscipit assumenda possimus aut. Voluptatibus quo fuga nihil perspiciatis sint id quisquam harum.',0,'2017-09-19 17:08:14','2012-05-02 09:00:04'),(66,66,66,'Est voluptatem impedit nihil quia. Quidem quam placeat sed vitae dolorem saepe. Neque dolores sed laudantium incidunt assumenda. Ipsum sapiente consequuntur ipsa blanditiis nisi et voluptas.',1,'1988-05-28 04:37:39','2004-05-27 08:27:23'),(67,67,67,'Facilis voluptas dolorem quaerat fugiat ratione est et. Exercitationem fugit et aspernatur dolor dolorem totam. Molestiae esse iste ullam necessitatibus quia laboriosam incidunt.',1,'1988-07-23 05:22:02','1991-05-08 02:35:50'),(68,68,68,'Eaque omnis sed nihil sit ut porro tempore aut. Dolores quo quod ea voluptatum et qui. Adipisci odit perspiciatis consequatur voluptatibus qui.',1,'1976-09-08 14:17:52','2007-07-15 16:45:22'),(69,69,69,'Explicabo dolores velit excepturi qui ipsa voluptatem. Rerum dolorem dolorum necessitatibus perferendis est sit est velit. Illo commodi laborum nihil.',0,'1982-10-09 11:27:48','2014-08-04 12:54:15'),(70,70,70,'Adipisci est dolore quas. Tenetur sit fugiat asperiores et. Repellendus repellendus ut unde aut quia nihil dolor. Dolores repellat consectetur quo soluta ipsam sunt sint.',0,'2009-04-30 18:47:28','1984-02-02 10:31:12'),(71,71,71,'Nam corrupti veniam ipsa quaerat. Perspiciatis non aliquid est omnis voluptas. Praesentium autem et quo facere praesentium inventore laudantium.',1,'1971-04-09 01:25:50','1974-06-11 15:25:31'),(72,72,72,'Et et dicta alias sed soluta eveniet a totam. Harum et necessitatibus voluptatibus nulla. Officiis non rerum aut quam quam doloremque hic. Consequatur est eum eligendi nostrum hic cupiditate et.',0,'1990-04-09 17:38:54','1987-02-14 15:52:50'),(73,73,73,'Repudiandae nihil voluptas recusandae quia quas id. Soluta dolor velit et ut dolorum consectetur.\nLibero minus aut quibusdam maxime. Voluptas assumenda saepe id nam placeat et.',1,'1979-11-12 04:36:36','2014-11-27 04:41:53'),(74,74,74,'Repellat vel commodi ea praesentium qui. Qui est eveniet maxime praesentium reiciendis. Velit dolorem beatae dolorem. Sequi ut nam debitis id dolor.',0,'1989-11-16 07:18:20','1986-05-13 05:44:32'),(75,75,75,'Qui corporis natus voluptate velit nam qui sint sed. Tenetur tempora et tempora dolor.',0,'1973-01-03 17:39:12','2002-07-07 16:35:26'),(76,76,76,'Sed ipsam at et cumque voluptatum sit assumenda exercitationem. Cupiditate sed hic corrupti quod velit. Natus ab eos quas laborum ex fuga aut.',1,'2001-04-27 01:49:38','1998-11-16 13:29:28'),(77,77,77,'Et dolorem commodi sunt ipsam est aliquid. Officia omnis quos vel est optio blanditiis voluptatem. Tenetur animi dolor sunt eius voluptatibus.',1,'1970-05-26 17:00:19','1974-03-17 02:01:17'),(78,78,78,'Facere quas impedit voluptatem et et voluptatibus aperiam. Fugit rerum inventore ea. Tempore repudiandae eum voluptates recusandae optio.',1,'2001-11-28 17:25:02','2006-03-06 05:39:42'),(79,79,79,'Qui molestiae perferendis assumenda aut et. Temporibus sit iste vel quisquam voluptatem. Illo assumenda eum sint dolor ullam voluptatibus nihil.',0,'1984-08-07 15:18:59','2004-10-14 23:36:37'),(80,80,80,'Quasi architecto qui dolorem voluptates reprehenderit sint labore. Hic voluptas quae quas et nam cupiditate autem. Sequi voluptatem ipsum ex ea aut ab omnis. Repellendus sequi temporibus voluptas.',0,'1976-08-13 21:09:54','1972-11-30 07:39:02'),(81,81,81,'Ab iusto numquam odio aliquid. Voluptatem voluptatem aspernatur et omnis. Voluptas veniam in vero quidem perspiciatis dolorem dolorum. Sit dicta cupiditate molestiae optio debitis.',1,'1982-11-10 08:13:55','2002-01-27 22:22:21'),(82,82,82,'Molestias non optio qui excepturi. Mollitia maxime vitae reprehenderit rerum quod quae. Libero vitae odio quia ut et. Accusantium reprehenderit et vel quas voluptas.',0,'2004-07-29 12:52:04','1985-08-21 17:22:21'),(83,83,83,'Deserunt eos enim consectetur qui. Nemo sed quia dolores deleniti at omnis aspernatur dolores.',0,'1997-12-18 06:03:21','2009-12-05 04:36:18'),(84,84,84,'Dignissimos ut quis exercitationem doloribus. Quis eius qui veritatis repellat.',0,'2006-12-24 14:18:50','1989-07-20 17:58:09'),(85,85,85,'Rerum quia aut soluta quidem minima necessitatibus. Ab voluptatem asperiores porro repellendus.',0,'2007-08-21 05:08:59','1983-08-14 07:02:09'),(86,86,86,'Quas quisquam dolorum maxime et. Exercitationem quia in ab voluptatibus cupiditate quia. Deserunt illum velit et voluptate quae animi facilis.',1,'1981-08-10 06:42:42','1973-04-27 15:29:22'),(87,87,87,'Magni earum et porro nulla consequatur temporibus veniam. Vitae ea omnis non sit in sint sapiente. Voluptatem recusandae autem officia veniam. Nesciunt eum velit molestias magni ea qui soluta.',0,'2019-04-04 17:02:02','1979-07-16 07:59:32'),(88,88,88,'Dolor odit voluptas expedita quia omnis voluptas. Omnis voluptas omnis id omnis itaque doloribus illum.',0,'1978-10-28 22:26:33','2011-04-15 07:09:20'),(89,89,89,'Ipsum autem quam enim amet. Labore rerum veritatis tenetur quae temporibus quae. Consequatur quod vel ut est aspernatur minima enim necessitatibus.',0,'2002-08-13 05:11:30','1998-02-16 22:58:11'),(90,90,90,'Consequuntur incidunt qui non. Sed nisi dignissimos ut aut suscipit. Dolorem vel quaerat veniam quis incidunt eum. Et ut tempore voluptas assumenda doloremque molestiae doloremque.',1,'2007-06-18 17:12:05','2013-08-09 19:28:10'),(91,91,91,'Veritatis ut eum mollitia nihil. Esse id eligendi omnis. Aut suscipit aut unde. Id qui rerum tempore maxime.',0,'1985-03-29 10:53:17','1974-03-19 20:50:04'),(92,92,92,'Exercitationem qui dolor repellendus voluptatem veritatis et. Sit distinctio fuga laborum quod omnis. Sit laborum mollitia sunt nihil. Voluptatibus dolor id eum et nam est.',1,'1991-01-09 15:54:54','1982-12-24 00:58:53'),(93,93,93,'Quis ullam ab neque mollitia perferendis. Ut aut repudiandae tempora voluptatum adipisci aperiam beatae. In enim ut porro asperiores tempora. Aliquam modi quisquam quam ab.',1,'2009-07-05 19:06:46','1989-01-16 04:10:50'),(94,94,94,'Voluptatem dolor laboriosam odio distinctio atque mollitia. Velit harum est libero animi. Ea laboriosam ut et maxime optio.',1,'1995-09-08 13:45:35','1999-12-08 03:32:17'),(95,95,95,'Quibusdam reprehenderit et ut pariatur vero. Quas et ut voluptatum natus ut quia. Qui ipsum et voluptas aut maxime et. Harum officiis fugit nulla sint quis.',0,'2020-02-15 18:12:57','2013-04-18 09:12:14'),(96,96,96,'Commodi provident doloribus nemo totam ut et. Delectus voluptas iure veritatis dolore et saepe minima. Assumenda sunt ullam non aut voluptatem eum consectetur quas.',1,'2000-10-12 02:12:10','1991-06-14 19:40:38'),(97,97,97,'Eum non impedit aut eos fugit maxime voluptas. Dolor ut ipsa vel dolor. Qui dolor sed voluptas consequatur voluptatem explicabo ab.',1,'1981-06-19 22:38:34','1979-04-29 04:33:53'),(98,98,98,'Reprehenderit molestias iste earum aut voluptates sunt rem. Rem quibusdam earum voluptas. Ut aut id harum. Veritatis voluptate aliquam aliquid non.',1,'1998-11-30 11:35:10','2015-04-18 08:09:46'),(99,99,99,'Quod eaque vel neque dignissimos. Fuga at ut vel suscipit aliquam qui. Dolores qui dolorem asperiores. Quisquam repellendus repellat recusandae impedit est consectetur.',1,'2009-07-22 06:56:23','1990-04-09 18:34:38'),(100,100,100,'Maiores unde expedita rerum necessitatibus tempore fuga. Qui at exercitationem eius architecto culpa ut quo. Dignissimos sint laborum voluptatem tempora et dolore at.',1,'2000-08-07 09:29:39','1994-10-20 01:44:55');
/*!40000 ALTER TABLE `messages` ENABLE KEYS */;
UNLOCK TABLES;

--
-- Table structure for table `profiles`
--

DROP TABLE IF EXISTS `profiles`;
/*!40101 SET @saved_cs_client     = @@character_set_client */;
/*!50503 SET character_set_client = utf8mb4 */;
CREATE TABLE `profiles` (
  `user_id` bigint unsigned NOT NULL,
  `gender` enum('f','m','x') CHARACTER SET utf8mb4 COLLATE utf8mb4_unicode_ci NOT NULL,
  `birthday` date NOT NULL,
  `photo_id` bigint unsigned DEFAULT NULL,
  `user_status` varchar(30) CHARACTER SET utf8mb4 COLLATE utf8mb4_unicode_ci DEFAULT NULL,
  `city` varchar(130) CHARACTER SET utf8mb4 COLLATE utf8mb4_unicode_ci DEFAULT NULL,
  `country` varchar(130) CHARACTER SET utf8mb4 COLLATE utf8mb4_unicode_ci DEFAULT NULL,
  UNIQUE KEY `fk_profiles_users_to_idx` (`user_id`),
  UNIQUE KEY `photo_id` (`photo_id`),
  CONSTRAINT `fk_profiles_users` FOREIGN KEY (`user_id`) REFERENCES `users` (`id`)
) ENGINE=InnoDB DEFAULT CHARSET=utf8mb4 COLLATE=utf8mb4_unicode_ci;
/*!40101 SET character_set_client = @saved_cs_client */;

--
-- Dumping data for table `profiles`
--

LOCK TABLES `profiles` WRITE;
/*!40000 ALTER TABLE `profiles` DISABLE KEYS */;
INSERT INTO `profiles` VALUES (1,'f','1998-10-01',976227,'Corporis quaerat iste adipisci','Port Chanellemouth','720939762'),(2,'x','2011-01-24',17122638,'Sunt architecto illo fugit qua','Lake Sydnietown','57610914'),(3,'f','1999-12-15',2702,'Quis praesentium iusto sed. Pa','Ferryburgh','5'),(4,'x','2011-07-28',127,'Sed et enim atque nihil. Magni','Anselburgh','6908'),(5,'x','1972-04-25',0,'Ut non voluptate dolores repre','West Luella','264'),(6,'f','2016-10-04',791385610,'Voluptatibus sequi est eveniet','Carletonshire','44'),(7,'f','1996-11-04',477533,'Qui rem optio rerum ea quia na','North Rylee','3790'),(8,'x','2004-11-29',425695,'Tenetur aliquam inventore labo','West Vicente','898'),(9,'f','2007-09-18',13667792,'Occaecati tenetur et itaque qu','East Rosannastad',''),(10,'f','2000-12-05',5,'Earum eum voluptatem maxime. B','Calemouth','164519743'),(11,'f','1983-12-25',173492,'Fuga possimus qui modi non sed','Schmelershire','89'),(12,'m','1995-06-08',192689338,'Consequatur alias iste volupta','Stoltenbergbury','9280'),(13,'x','2010-11-01',2,'Esse veritatis aut et. Quas te','Alvertaland','202445'),(14,'m','1996-08-06',53980,'Similique eveniet sunt a labor','Bogisichton','70477'),(15,'x','2015-12-04',36434899,'In quis qui officiis eos quis ','Kaydenbury','24826243'),(17,'x','1994-11-12',12680,'Eligendi et ea est accusamus e','North Luluview','5024'),(18,'f','2004-10-14',48738,'Est ratione ducimus dolores ve','Stoltenbergfurt','367796'),(19,'f','2019-10-25',100170155,'Dolorem nobis vitae ullam qui ','Trantowbury','114451620'),(20,'x','1992-01-16',94170,'Eum iusto quia nihil minima qu','East Brennanbury',''),(21,'x','1987-01-13',225226,'Velit quo omnis nam voluptatum','Port Marinaburgh','57128882'),(22,'x','1985-05-18',7361,'Nulla ea voluptatibus est amet','Tobinmouth',''),(23,'m','2011-08-28',45073758,'Aspernatur asperiores doloribu','Pearliemouth','16559382'),(25,'m','1970-03-20',1128241,'Distinctio eum quis corporis a','Elsabury','54552'),(26,'f','1993-11-26',80,'Magnam voluptas quaerat et rer','West Scot','7078'),(27,'f','2005-08-30',242078288,'Eum quia provident pariatur of','Lake Sonyahaven','840'),(28,'f','1991-08-02',43,'Facere quod quod placeat paria','Janeberg','2'),(29,'m','2010-03-01',264406,'Sed cumque quia mollitia repre','Alfonzotown','66'),(30,'m','1983-07-23',5588668,'Nam et repellendus debitis eos','Hilmaland','70415945'),(31,'f','1986-07-30',557308,'Pariatur consectetur neque mol','South Rozella','183202'),(32,'f','2010-01-10',14199,'Saepe molestiae mollitia paria','West Krystinaview','739'),(33,'f','2007-08-19',79029,'Voluptate eveniet placeat nisi','Cliffordfort',''),(34,'m','2009-03-21',20,'A est fugit quaerat officia vo','Doloreston','790870388'),(35,'x','2015-08-14',90,'Quo magnam velit quia quia. Re','West Dexterchester','50'),(37,'x','2005-04-02',352707,'Quis ab exercitationem eos ips','Port Wava','31316'),(40,'f','1983-11-20',316379,'Atque voluptates error perfere','East Penelope','708'),(41,'x','2003-09-06',3382102,'Voluptatem quasi neque cumque ','Lake Cassandreside','4319096'),(42,'m','2006-06-27',313,'Consequuntur et quam exercitat','New Carolynebury','3951491'),(43,'f','1988-10-08',179,'Perferendis beatae culpa animi','Lake Pearl','1'),(44,'f','2000-06-02',192457,'Iusto quidem sed eum voluptati','Port Ulicesfurt','65'),(45,'m','2004-01-08',77206,'Rerum non est optio in. Quasi ','Lake Jayce','340'),(46,'m','2015-03-19',21014221,'Tenetur exercitationem tempore','West Olatown','788929'),(47,'x','2011-12-24',69159720,'Quo quasi et reprehenderit. Ea','West Dewitt','185719'),(48,'x','2005-12-21',377836391,'Aut quasi sit perspiciatis exp','Dachmouth','33808'),(50,'m','2005-07-10',6442245,'Officiis eius sequi aut dolore','Vandervortside','212006658'),(51,'m','1999-09-17',189,'Ex doloribus quae facilis est ','Lake Tamiaton','728'),(52,'m','2003-09-15',653073709,'Rerum ab id dolores omnis quid','Ivaburgh','190735'),(54,'f','1990-10-20',38,'Quia impedit voluptas iusto au','Port Hellen','19481645'),(55,'m','1971-04-25',16965500,'Sapiente impedit sed suscipit ','Vernatown','507'),(56,'f','2020-02-17',1334218,'Deleniti explicabo nesciunt di','Marquardtmouth',''),(57,'m','2014-09-27',4868673,'Molestias consequatur aut quia','North Danika','81'),(58,'x','1972-11-25',12648875,'Tempora nobis eum dolor archit','New Manuelaborough','707'),(59,'f','1974-03-05',60,'Autem id reiciendis deleniti v','Rolfsonberg','7'),(60,'f','1970-05-25',141,'Quaerat ut quam culpa molestia','East Fredy','6621652'),(61,'m','1980-12-14',1,'Doloribus illum sint laboriosa','Bruenbury','95813629'),(63,'f','2000-10-19',148,'Dolores repellendus accusamus ','New Ottotown','762'),(64,'m','2014-11-07',32244693,'Modi voluptatem fugiat ex eum ','Roobport','2734'),(65,'m','1984-10-30',2024,'Et adipisci eos porro dolorem ','Ferrymouth','154330058'),(66,'f','2019-04-24',6307598,'Qui consequuntur reiciendis ut','South Solonmouth','917184'),(67,'m','2003-11-16',370636,'Doloribus molestias voluptas u','Lake Diego',''),(68,'x','1977-10-07',55,'Saepe id est molestiae optio. ','Havenfort','705613'),(69,'m','1977-03-22',146319717,'Perferendis cumque soluta plac','Stoneland','99'),(71,'m','2005-08-09',539187,'Est cupiditate dolores repelle','West Christophe','405336'),(72,'m','1996-08-23',520,'Animi dolores nobis eum beatae','Arnoldohaven','6951663'),(73,'f','1981-04-01',40,'Culpa maiores aliquid tempore ','Huelsbury',''),(74,'m','1971-10-03',1028,'Ut quam id odit veniam. Magni ','Maggioside','5866405'),(75,'m','2006-01-03',3087475,'Necessitatibus magnam et alias','South Toney','213'),(76,'m','2013-06-06',359,'Molestiae harum vitae molestia','Daishaburgh',''),(78,'m','1978-08-03',48291975,'Voluptas doloremque voluptatem','South Zoe','33686358'),(79,'m','2008-09-01',3346,'Illum dolorem deleniti saepe s','New Janiya','38733664'),(80,'x','1999-08-10',139,'Architecto aut pariatur explic','West Fanny','384156'),(81,'f','1993-11-17',4105023,'Impedit rerum vitae vitae moll','North Oceane','719270'),(82,'m','2019-01-08',15,'Aut architecto voluptate et do','Port Tressafort','3'),(83,'f','2020-11-21',178502,'Ipsum facilis aperiam error an','Jakubowskifort','1568562'),(85,'m','1994-01-13',11148647,'Eos pariatur alias vitae est f','South Stacey','171'),(86,'m','1986-11-12',134020568,'Facere ut quos quia. Dolor ut ','Denisstad','367360'),(87,'x','1976-08-15',3599,'Est voluptates vitae voluptati','New Dock','3382260'),(88,'f','1995-02-17',195643,'Sit quod numquam incidunt. Qua','South Rosario','63'),(89,'m','1998-01-19',111895,'Saepe molestiae doloremque ad ','Beahanport','688832'),(90,'x','1986-08-28',23469912,'Aut dicta aliquam qui corporis','Shaynafurt','6'),(91,'f','1985-07-04',305268,'Atque earum quaerat accusantiu','Bettieburgh','9780704'),(92,'x','1976-06-15',333234,'Magnam vitae et et et. Quis ut','Lake Jade','480427199'),(93,'m','2013-07-16',348672,'Veniam explicabo dolores error','Shannamouth','6444'),(94,'f','1985-04-20',677176,'Animi id delectus provident mo','South Gwendolynview','66518'),(95,'x','1973-10-02',215,'Labore doloribus sed blanditii','Waylonmouth','7098622'),(96,'m','2013-02-03',39911,'Rem illo dignissimos et vel. T','Kossberg',''),(97,'m','1975-07-19',3,'Excepturi ratione amet tempore','West Spencer','6'),(98,'m','2020-05-05',27129490,'Fugiat minima facere consectet','New Rocio','49105'),(99,'m','2017-09-07',467848614,'Minima vero numquam necessitat','Laurinemouth','48'),(100,'m','1983-04-04',53193,'Illum dolorem consequuntur sun','Port Esmeralda','4641815');
/*!40000 ALTER TABLE `profiles` ENABLE KEYS */;
UNLOCK TABLES;

--
-- Table structure for table `users`
--

DROP TABLE IF EXISTS `users`;
/*!40101 SET @saved_cs_client     = @@character_set_client */;
/*!50503 SET character_set_client = utf8mb4 */;
CREATE TABLE `users` (
  `id` bigint unsigned NOT NULL AUTO_INCREMENT,
  `first_name` varchar(145) CHARACTER SET utf8mb4 COLLATE utf8mb4_unicode_ci NOT NULL,
  `last_name` varchar(145) CHARACTER SET utf8mb4 COLLATE utf8mb4_unicode_ci NOT NULL,
  `email` varchar(145) CHARACTER SET utf8mb4 COLLATE utf8mb4_unicode_ci NOT NULL,
  `phone` varchar(11) CHARACTER SET utf8mb4 COLLATE utf8mb4_unicode_ci DEFAULT NULL,
  `password_hash` char(65) CHARACTER SET utf8mb4 COLLATE utf8mb4_unicode_ci DEFAULT NULL,
  `created_at` datetime NOT NULL DEFAULT CURRENT_TIMESTAMP,
  PRIMARY KEY (`id`),
  UNIQUE KEY `email_unique` (`email`),
  UNIQUE KEY `phone_unique` (`phone`)
) ENGINE=InnoDB AUTO_INCREMENT=101 DEFAULT CHARSET=utf8mb4 COLLATE=utf8mb4_unicode_ci;
/*!40101 SET character_set_client = @saved_cs_client */;

--
-- Dumping data for table `users`
--

LOCK TABLES `users` WRITE;
/*!40000 ALTER TABLE `users` DISABLE KEYS */;
INSERT INTO `users` VALUES (1,'Adolphus','Armstrong','dimitri.rohan@example.net','887-942-213','64ffe829fbfd8875c2482170e47d603eae5309af','1972-05-13 23:53:25'),(2,'Janessa','Kris','anissa04@example.net','1-015-133-3','d581dc9dd1884b5b7e364336da02f3462529b33f','1987-08-30 08:09:49'),(3,'Wilhelm','Nienow','twalker@example.org','(298)019-35','4a4bc9dda579e1e94ecf08a8b08f9fa1eb4822dc','1973-09-12 12:56:15'),(4,'Louie','Herzog','zachary65@example.org','(302)967-78','fe936cfe7d09bb4d37ffd9bbf2578b384c30aaba','1977-02-26 12:00:38'),(5,'Natalie','King','edwina.conn@example.org','150.279.433','deeb930180e14896b7494966979f1ad8701f627e','1972-01-22 02:45:31'),(6,'Margarita','Champlin','wo\'kon@example.org','(974)725-43','db63a5963d6c1d9cb85cea95fbfcde5276fdcce6','2013-07-08 02:13:55'),(7,'Rebeca','Bosco','chester55@example.net','609-277-534','83626494b55f4f1f9b5dc0c3b4be2ae9edc1f5e9','2017-07-22 19:36:32'),(8,'Lourdes','Cremin','vgleason@example.com','00558999795','c6ddcb68ab5adada446977f7f618a7169a7b66bf','2010-04-14 17:18:06'),(9,'Emmanuelle','Vandervort','mclaughlin.mikel@example.net','(396)394-03','c47ca9bb39e6fb559107bf842ef0d6319c2a104f','2018-05-08 12:29:21'),(10,'Carmelo','Satterfield','collins.vicenta@example.net','773.273.152','04082d2018a16f8d998348bc264a7f8f530b33c5','1971-02-13 21:34:19'),(11,'Pinkie','Romaguera','elmo87@example.net','904-923-118','e08bada9e7245a7d6f17a1f91ffd0d0dafe58dfa','1987-06-29 19:45:45'),(12,'Leatha','Eichmann','ehowe@example.org','1-334-173-5','20f3c0db787deb27dc1ce6dbee39d720277c3669','1988-03-23 03:30:31'),(13,'Leonora','Buckridge','balistreri.kyle@example.com','1-956-836-2','cb7b087e5c08ddf4268d4b31108d3c4c64b5a6f2','2015-10-07 20:58:38'),(14,'Alison','Kemmer','grimes.damon@example.net','425.512.493','d0e372c5683f3daf2da6ea60b78822bee6c2b284','1991-02-28 17:56:28'),(15,'Lilla','Hermann','jarvis.king@example.com','(369)974-98','c3663623a059d5d5c90bfe50a97cf9f8093febeb','2003-01-23 15:05:06'),(16,'Adrianna','Wolff','hans.homenick@example.net','543-791-171','64839f7f36fecc7d654f770dd55d7273b84ba65f','1980-08-23 10:49:25'),(17,'Estrella','Hegmann','deanna87@example.net','105-330-413','09c9406426fd59e839746fe7e455c3f9fc76e4de','1970-06-12 13:41:30'),(18,'Idella','Hammes','trevor69@example.net','488.945.134','b8f6055ac532ebdbc7d8e2ffbe90481c30bc51b6','1990-05-18 18:55:23'),(19,'Jack','Graham','wilbert.wilkinson@example.org','+78(8)37103','0d9ef154df3c2b0b00ad8ffdca7e1e488ced0507','2007-05-22 03:51:17'),(20,'Kiel','McDermott','mariah17@example.org','514-392-090','daed083660be68cd88127c103fc9a0be1a0ecd70','1972-11-21 14:25:46'),(21,'Emmy','Tremblay','phammes@example.org','1-756-381-0','a337232b5e8cc2a1aee695eb4cca028d865dfe6f','2000-12-17 00:59:09'),(22,'Dorris','Hartmann','tiffany73@example.com','565.923.708','2eff8b5ef9fb11055c23f1faa6542241114e05e1','1981-03-31 18:52:57'),(23,'Madeline','Reichert','bins.herminia@example.org','327.704.800','ea953b5457acb494e2be7f92c3da2f4466404e9a','1980-06-13 06:16:41'),(24,'Cristina','Friesen','jwiegand@example.org','1-862-947-5','0659b22349fa3604b4469d07826312c5115fdeba','2005-03-22 19:49:59'),(25,'Tyreek','Lueilwitz','mosciski.malinda@example.net','+79(3)96517','eaf76c7c7dd5695616198104c340fbfab6e3d1d6','2009-11-30 10:14:22'),(26,'Arch','Bergstrom','jody.flatley@example.net','297-111-377','52ccebd4ae83818edd63cff201dd4fbc8fda1743','2020-06-14 22:51:21'),(27,'Cara','Fahey','johann76@example.net','1-781-215-9','da895c3bde0a40eaff5b2b6982253268fcc98f5e','2011-02-14 00:00:19'),(28,'Sylvia','Gaylord','lsauer@example.com','+87(2)61240','984414c9fcc3db48357651d3fee63df902ac79b8','2015-04-10 20:42:11'),(29,'Malinda','Larson','triston83@example.org','(475)512-73','58836f35776d86a84e6d73fe2fc6178101dd2101','1984-10-13 16:39:37'),(30,'Roy','Murphy','dena.kihn@example.net','396-258-164','f5de53bcfb1abde01613b417099fec8a7df74cae','1990-07-07 05:21:49'),(31,'Hailey','Wolf','niko.stroman@example.net','1-010-180-2','5f2c350d3337b7e3d20220c23a9ca8c613356d9b','2010-03-09 21:48:39'),(32,'Trey','Schimmel','kiel.blick@example.org','1-014-456-5','40ec0a53063a8b28a064f58a404e831d6bd2a1ec','2002-07-31 23:30:52'),(33,'Evalyn','Lang','elisha95@example.net','1-465-357-5','6d32dcedadb9b79f9b8fe764e857605890502509','2004-11-17 12:15:07'),(34,'Dillan','Bogisich','nora43@example.org','1-585-695-2','3b29e19bc3bf070516cc8872906f113654f7a61a','2005-06-30 17:04:42'),(35,'Logan','Greenholt','elissa.marquardt@example.com','01590259723','2420ffebb5df0d971b6ddc188d3e10ef40f00f31','1990-03-19 04:00:46'),(36,'Clay','Cronin','arden.reichert@example.org','1-337-602-6','2c9eeebb6f251e56b32a73242e8f5f9b61586c26','2015-08-10 14:49:48'),(37,'Jordyn','Toy','corwin.martine@example.net','154.823.000','7dc81bab50dfa83efa269cc12600d6e7461c5924','1970-04-24 05:40:51'),(38,'Halle','Dach','jhartmann@example.net','1-863-330-7','fbac1b3caeb99e5c7bb3d942fe1dfc167525fadc','2018-08-17 07:16:04'),(39,'Noelia','Emard','ystroman@example.net','(263)328-09','62d9ea08a28c7326019694548ab770cb7955df93','1987-01-13 01:49:57'),(40,'Krystina','Volkman','edd.jacobi@example.net','(447)921-68','b4b05c50669d1756b2aaafe09e0d39bd637789fb','1998-02-15 23:26:58'),(41,'Destinee','Weimann','cprohaska@example.net','699.583.791','36ee24f73655cc7d34876656e5c9e981cd64235e','1972-09-16 01:08:01'),(42,'Jamil','O\'Hara','kaylie.bartell@example.com','601-168-708','70551fc6e1f23e5272363e7912d38a08e47e882d','2012-12-26 15:01:20'),(43,'Emmalee','Klocko','ashly.turcotte@example.net','403-716-302','94baa4d1a79e8e9ec074dd93ef6aa38cd0ef6a06','2019-09-22 22:47:10'),(44,'Abraham','Murphy','hgaylord@example.com','1-681-353-0','1c80cf43fc2e0cbb33c213786fd933f1f185060f','1985-09-11 19:33:55'),(45,'Bertha','Shields','manuel.bernhard@example.com','(670)365-28','0577d43415eeb2e97137a8b497c97396df660fda','1979-05-19 18:08:55'),(46,'Jenifer','Feest','crist.anabel@example.com','(130)501-52','1fe5a74aea5c730b0f3fbd2a5e7eaba98ca828bc','1988-07-26 14:27:42'),(47,'Shirley','Koch','felicity00@example.net','(354)208-03','117eebb0dacd52d90f52686542d26c5664d8c96e','2001-09-02 11:24:14'),(48,'Annamarie','Waters','vena58@example.com','1-845-249-0','d94a12f7fceedbad10fbd8186a7d42b4b2f44131','1978-02-02 15:07:09'),(49,'Nelle','Stoltenberg','gulgowski.elwyn@example.net','1-864-221-1','2dd24cfebfcea0f0f02ad570a16793cfcebf7a4c','2017-02-06 07:45:11'),(50,'Clemens','Rau','bailey.lilliana@example.net','(163)178-71','f2704323ffd8eabcfb4f03350ec07a63dbf92ca0','2010-10-15 02:17:10'),(51,'Emelia','Schmitt','sporer.kira@example.org','(832)832-91','ec5be11758341758a4c34de7e3fe16a0d2520115','2012-01-31 01:54:44'),(52,'Dock','West','mfriesen@example.org','1-060-097-3','c72c5760afc1d6efaa277a295fdd4c13b934f18d','2004-02-08 06:05:00'),(53,'Rudy','Jaskolski','ihauck@example.net','(307)682-54','7e3f5436e9baf6282e8f9f8275b58faa7b31dab2','2003-10-05 09:45:46'),(54,'Yoshiko','Murray','judd.konopelski@example.com','(723)292-50','6c51c17dd1ef2e57d3ef1b35713f9ae866835718','2009-10-23 08:19:11'),(55,'Rita','Donnelly','arlene33@example.com','+28(2)41538','fcf078bedaa8727fa24c906bf8278b439a25d77d','1976-12-05 02:32:33'),(56,'Sydnee','Deckow','skiles.marina@example.org','1-653-274-6','f90fe8686ea25b17eeeb03f5afa5131dfe1d3b27','1993-12-10 16:37:01'),(57,'Emanuel','Padberg','lois05@example.com','1-797-018-3','fd656ab183201120c6789fd6e9ff99106543d20e','2012-05-21 22:32:53'),(58,'Greg','O\'Kon','kemmer.gaston@example.net','(568)575-30','a875bc162aec3a08adc919f2ca5556329b54e9c6','1991-08-28 03:31:15'),(59,'Hans','VonRueden','hane.vicente@example.com','1-954-968-4','445231f99fad0803d1e54a1f4aac2e7c073acbd1','1995-10-19 16:46:32'),(60,'Antonetta','Zulauf','eschumm@example.org','1-332-163-7','1a5bdbb790782ec304ecbdd98249acd43b13c743','2014-10-05 08:57:26'),(61,'Terrance','Robel','moore.randal@example.org','378-008-957','78639f52514dca74ce45620bb70de214115963a6','1981-07-22 02:40:32'),(62,'Lucinda','Gutkowski','yrau@example.net','1-228-524-3','6294cdb7eaddaa2117127dad11f05621e34b681f','2000-02-19 16:15:51'),(63,'Twila','Lesch','harvey.lavonne@example.com','041.204.349','b99bc7b429a0be4df2127f2101897b235939ce66','1998-05-23 09:32:52'),(64,'Taryn','Turcotte','kameron.pfeffer@example.net','1-454-056-2','c0cbee821d406febfa441d910873a29da17a57d8','2015-08-12 13:16:14'),(65,'Jacinto','Berge','wupton@example.org','668.000.432','430a80b7d0034c925e5abaa63dadbb75e65dd7ed','1986-06-14 05:31:51'),(66,'Ayden','Kihn','linnea94@example.com','193.444.566','d2fbdc15d7249bae148428a32a8522b55c5f7656','1970-06-27 13:53:51'),(67,'Camille','Lesch','feeney.princess@example.com','1-923-159-9','37346cee3e265e8120f76d0e2951b220a8d8ecab','1997-12-11 01:38:53'),(68,'Liza','Mohr','jaylon08@example.org','(059)741-91','935d8503ca318234c34dc441d68212bda1af3580','2015-03-22 17:03:26'),(69,'Tracey','Prosacco','jschneider@example.net','091.310.730','204fadda70dcb588f244abe58f0bde431d271ccd','1994-04-25 19:13:39'),(70,'Johnpaul','Davis','serena.schaefer@example.org','300-510-838','4d85098859266420ef84cc2a6c8ea460c726fe4c','2009-04-02 21:36:02'),(71,'Nathen','Kub','barton.marcus@example.net','093.918.938','36dc30300438d8498bb80f6f649e354214b8ea38','2001-05-16 11:44:32'),(72,'Ronny','DuBuque','hosea.feest@example.org','418-881-862','bc94a6bf715c3007bc3b5ad189493ade4cf95367','2006-10-03 00:02:38'),(73,'Rosendo','Brakus','haag.amanda@example.com','1-574-969-6','507adce6ecac892d1de1b364fd43bd72ef2ed932','1979-04-09 04:35:29'),(74,'Keegan','Beer','cruz.orn@example.org','740-996-825','fa77a9384ce5acacf8d4869e7900a19324bac06e','1979-06-30 16:34:56'),(75,'Allene','Leannon','tkulas@example.net','1-611-051-2','d8448d90b036d9cc2eb7644b1f94814ff51e6d65','1972-10-21 22:25:03'),(76,'Christian','Oberbrunner','yterry@example.net','1-859-159-5','292d6392788e8eccaa0d42c19e7ab457ebf67c19','1997-06-04 06:54:24'),(77,'Claudia','Strosin','sarmstrong@example.com','+43(7)63971','113e292b7deb481e5ce9b0bd3f4f778297d06ca3','1977-10-01 14:04:36'),(78,'London','Hermiston','darrin20@example.org','1-380-127-1','b191ba023059bb9f5693606019eb3a2334acf579','1999-03-09 14:53:08'),(79,'Emely','Jacobi','cheyenne.prohaska@example.net','530.141.640','1a6517cb25dc35c4c131ada3e9a7a4d4bf25aca7','1980-12-24 11:48:50'),(80,'Russ','Wilderman','upouros@example.com','1-740-862-5','4d677ba0c2ec14124ebc28944ae50ea9fa891142','1995-02-07 20:21:37'),(81,'Rex','Ritchie','oprohaska@example.org','(806)765-73','68d3a4bba60669089f384d59c7325ad629785752','1991-05-19 19:08:43'),(82,'Lisandro','Konopelski','elna.raynor@example.net','08066257943','74ccde7241852aa6a0efe7db15651017d4fbbe6d','1984-11-23 14:15:04'),(83,'Keira','Friesen','fgrimes@example.net','09817399567','c7b0c833ee0efe334d80aeddd1ca669b4ab52ce2','1997-07-25 04:52:55'),(84,'Verner','Swaniawski','cassie.bruen@example.com','1-490-889-1','d9a6a70d0440436fa9a7aced984d61d065ecb8e5','2009-07-30 01:48:51'),(85,'Kari','Hettinger','ojenkins@example.net','+17(1)91807','ac32bd4d52b91e501523e97528e23f7648b5b917','1999-02-13 04:29:04'),(86,'Dahlia','Gulgowski','dfeil@example.org','(389)573-27','b0b21681516b456f4105562e15faa1da55127e5c','2007-05-13 01:35:07'),(87,'Ebba','Cummerata','xander23@example.net','+02(9)97937','f1dc57d7945d703d33a369e54c9e3a73a25cdb9b','1996-09-25 01:51:42'),(88,'Elouise','McGlynn','gladyce.little@example.com','1-926-148-9','cc3a19f98830e911aea1f2a7e0cf50b51ed87041','1973-06-18 17:09:37'),(89,'Alexander','Smitham','cora.gulgowski@example.net','1-423-852-5','5bd39a1ccc85cfb3eadb4e17a3c808a1ac15ac05','2019-11-18 00:12:52'),(90,'Ole','Hammes','naomi.goyette@example.org','536-380-640','7a878716bda6a0793e2a321a3562420d3e43e10d','1977-05-26 20:35:51'),(91,'Nathaniel','Smitham','crona.darrick@example.net','1-015-368-9','f6642df9f89248af4a5d9b04203babcfa9ab2663','2012-03-31 12:07:02'),(92,'Marian','Emard','angelita.steuber@example.com','516-847-286','3bbd489087ffa620e12a4ab7faa707ef9d6a51d4','1983-10-04 16:29:57'),(93,'Karolann','Bins','kristopher.o\'connell@example.net','865.098.652','7ec390fde5b6c861bb1e4a4a243369ae95b971f2','1975-01-05 23:45:31'),(94,'Ewald','Crooks','bulah10@example.com','180.115.909','3c8c127143caac9dcdfd8b77aa671200e5a6b6ca','1998-07-30 13:06:36'),(95,'Breanne','Cole','ismael64@example.com','438.232.013','93ee2e3d4bc5ad8bf622ad45e5c0a356255a3989','2008-09-02 20:56:41'),(96,'Marcellus','Beatty','maryse95@example.com','(164)148-95','98e45f8fafc183ff2d14c1f49fefa1b2df2eb4ba','1972-12-21 08:27:32'),(97,'Ruthe','Grady','runolfsdottir.joaquin@example.net','319-412-154','f482a9b65f88b101b90832fd4b01fea845355043','1999-08-15 11:46:06'),(98,'Dulce','Denesik','wzemlak@example.com','712-880-353','8940424f3effe8c31fd764d352028453674ab713','2007-07-12 08:23:40'),(99,'Stuart','Tillman','kristofer36@example.com','(672)212-42','a53e4fbde0a97bf730ab68bd000b3cad5fa5282b','1993-10-31 05:31:13'),(100,'Mike','Sanford','emetz@example.net','704-872-105','62eb8b646578d08319c5e335a6205b404a92e00b','1982-06-30 22:21:08');
/*!40000 ALTER TABLE `users` ENABLE KEYS */;
UNLOCK TABLES;
/*!40103 SET TIME_ZONE=@OLD_TIME_ZONE */;

/*!40101 SET SQL_MODE=@OLD_SQL_MODE */;
/*!40014 SET FOREIGN_KEY_CHECKS=@OLD_FOREIGN_KEY_CHECKS */;
/*!40014 SET UNIQUE_CHECKS=@OLD_UNIQUE_CHECKS */;
/*!40101 SET CHARACTER_SET_CLIENT=@OLD_CHARACTER_SET_CLIENT */;
/*!40101 SET CHARACTER_SET_RESULTS=@OLD_CHARACTER_SET_RESULTS */;
/*!40101 SET COLLATION_CONNECTION=@OLD_COLLATION_CONNECTION */;
/*!40111 SET SQL_NOTES=@OLD_SQL_NOTES */;

-- Dump completed on 2021-03-21 20:12:45
